id	name	origin	type	first_name	prefix	surname	birth_earliest	birth_latest	birth_place	death_earliest	death_latest	death_place	occupation	religion	image	wikidata
1	Adrianus Barlandus	1	Person	Adrianus		Barlandus	1486-09-28	1486-09-28	20	1538-11-30	1538-11-30	11	historian; philosopher; philologist; university teacher			http://www.wikidata.org/entity/Q2067100
2	Andreas Hoius	2	Person	Andreas		Hoius	1551-01-01	1551-12-31	32	1631-01-01	1631-12-31					
86	Aquila Cruso	3	Person	Aquila		Cruso	1595-01-01	1595-12-31		1660-01-01	1660-12-31					
94	Augustinians	4	Organization													
95	Augustinians of Antwerpen	5	Organization													http://www.wikidata.org/entity/Q48526662
96	Augustinians of Gent	6	Organization													
3	Augustus Alstenius Bloemertius	7	Person	Augustus Alstenius		Bloemertius	1585-01-01	1585-12-31	64	1659-11-04	1659-11-04	64				
87	Aulus Gerardus Dalanthus	8	Person	Aulus Gerardus		Dalanthus				1577-01-01	1577-12-31					
88	Bernardinis Stephonius Sabinus	9	Person	Bernardinis Stephonius		Sabinus										
4	Carolus Malapertius	10	Person	Carolus		Malapertius	1581-07-12	1581-07-12	46	1630-11-05	1630-11-05	30	astronomer; poet; mathematician	Catholicism		http://www.wikidata.org/entity/Q744091
5	Cornelius Schonaeus	11	Person	Cornelius		Schonaeus	1540-01-01	1541-12-31	49	1611-11-23	1611-11-23	64	playwright; writer		https://commons.wikimedia.org/wiki/File:Cornelius_Schon%C3%A4us.jpg	http://www.wikidata.org/entity/Q2707820
6	Cornelius Crocus	12	Person	Cornelius		Crocus	1495-01-01	1505-12-31	77	1550-10-01	1550-10-01	48	playwright			http://www.wikidata.org/entity/Q55194213
7	Cornelius Laurimanus	13	Person	Cornelius		Laurimanus	1515-01-01	1525-12-31		1573-01-01	1573-12-31		playwright			http://www.wikidata.org/entity/Q2341707
79	Daniel Heinsius	14	Person	Daniel		Heinsius	1580-06-09	1580-06-09	27	1655-02-25	1655-02-25	66	poet; librarian; writer; university teacher; classical scholar; philologist; playwright; translator; publisher		https://commons.wikimedia.org/wiki/File:Daniel_Heinsius_-_Imagines_philologorum.jpg	http://www.wikidata.org/entity/Q918731
8	Eligius Eucharius	15	Person	Eligius		Eucharius	1483-01-01	1493-12-31		1544-01-01	1544-12-31					
97	Emmanuel Rodriguez	16	Person	Emmanuel		Rodriguez										
9	Emmanuel Lobb	17	Person	Emmanuel		Lobb	1594-01-01	1594-12-31	61	1671-07-24	1671-07-24	55	playwright	Catholicism		http://www.wikidata.org/entity/Q3810270
89	Eusebius Candidus	18	Person	Eusebius		Candidus										
10	Fabricius Ruremundanus	19	Person	Fabricius		Ruremundanus	1495-01-01	1495-12-31		1560-01-01	1560-12-31					
11	Franciscus Eutrachelus	20	Person	Franciscus		Eutrachelus	1539-01-01	1539-12-31		1616-01-01	1616-12-31					
12	Franciscus van den Enden	21	Person	Franciscus	van den	Enden	1602-02-09	1602-02-09	56	1674-11-24	1674-11-24	65	physician; poet; philosopher, writer; politician			http://www.wikidata.org/entity/Q596911
13	Franciscus Noël	22	Person	Franciscus		Noël	1651-08-18	1651-08-18	40	1729-09-17	1729-09-17	37	father; writer; translator; theologian; cartographer	Catholicism		http://www.wikidata.org/entity/Q1451148
14	Fredericus Piroüel	23	Person	Fredericus		Piroüel				1650-01-01	1650-12-31					
15	Casparus Casparius	24	Person	Casparus		Casparius	1569-01-01	1569-12-31		1642-01-01	1652-12-31		mathematician			http://www.wikidata.org/entity/Q18945332
16	Gregorius Holonius	25	Person	Gregorius		Holonius	1531-01-01	1531-12-31		1594-01-01	1594-12-31					
80	Guilielmus Druraeus	26	Person	Guilielmus		Druraeus										
17	Gulielmus Gazaeus	27	Person	Gulielmus		Gazaeus				1562-01-01	1562-12-31					http://www.wikidata.org/entity/Q59529698
18	Guilliam Caudron Jr.	28	Person	Guilliam		Caudron Jr.	1607-01-01	1607-12-31	75	1692-01-01	1692-12-31					
98	Guilielmus Jennyn	29	Person	Guilielmus		Jennyn	1636-01-01	1636-12-31		1673-12-12	1673-12-12					
99	Haarlemse rederijker	30	Person													
19	Henricus Canisius	31	Person	Henricus		Canisius	1562-01-01	1562-12-31	74	1610-09-02	1610-09-02	35	jurist; university teacher	Catholicism		http://www.wikidata.org/entity/Q4212454
20	Hugo Grotius	32	Person	Hugo		Grotius	1583-04-10	1583-04-10	59	1645-08-28	1645-08-28	9	poet; laywright; jurist; politician; writer; diplomat; historian; philosopher; theologian; laywer; university teacher; ambassador	Arminianism	https://commons.wikimedia.org/wiki/File:Michiel_Jansz_van_Mierevelt_-_Hugo_Grotius.jpg	http://www.wikidata.org/entity/Q154959
21	Jacob Zevecotius	33	Person	Jacob		Zevecotius	1596-01-16	1596-01-16	27	1642-03-17	1642-03-17	12				
90	Jacobus Cornelius Lummenaeus a Marca	34	Person	Jacobus Cornelius		Lummenaeus a Marca	1575-01-01	1585-12-31		1623-01-01	1633-12-31					
91	Jacobus de Keghel	35	Person	Jacobus	de	Keghel										
22	Jacobus Libenius	36	Person	Jacobus		Libenius	1603-01-01	1603-12-31	56	1678-01-01	1678-12-31					
23	Jacobus Zovitius	37	Person	Jacobus		Zovitius	1512-01-01	1512-12-31	17				writer			http://www.wikidata.org/entity/Q15876822
24	Jean-Baptiste Gramaye	38	Person	Jean-Baptiste		Gramaye	1580-01-01	1580-12-31	56	1635-01-01	1635-12-31	24	historian; university teacher; diplomat; canon; archdeacon	Catholicism		http://www.wikidata.org/entity/Q1922212
100	Jesuits	39	Organization													http://www.wikidata.org/entity/Q36380
101	Jesuits of Aalst	40	Organization													
102	Jesuits of Antwerpen	41	Organization													http://www.wikidata.org/entity/Q48177345
103	Jesuits of Bailleul	42	Organization													
104	Jesuits of Brugge	43	Organization													
105	Jesuits of Brussel	45	Organization													
106	Jesuits of Cassel	46	Organization													
107	Jesuits of Gent	47	Organization													http://www.wikidata.org/entity/Q47112139
108	Jesuits of Halle	48	Organization													http://www.wikidata.org/entity/Q49986360
109	Jesuits of Hasselt	49	Organization													
110	Jesuits of Ieper	50	Organization													
111	Jesuits of Kortrijk	51	Organization													
112	Jesuits of Maastricht	52	Organization													
113	Jesuits of Mechelen	53	Organization													http://www.wikidata.org/entity/Q48185364
114	Jesuits of Roermond	54	Organization													
115	Jesuits of Bergues	55	Organization													
25	Joannes Chrysostomus Loots	56	Person	Joannes Chrysostomus		Loots	1598-01-01	1598-12-31		1656-01-01	1656-12-31					
81	Joannes David	57	Person	Joannes		David	1545-01-01	1546-12-31	78	1613-08-09	1613-08-09	56				
26	Joannes-Baptista Holvoet	58	Person	Joannes-Baptista		Holvoet	1691-01-01	1691-12-31		1766-01-01	1766-12-31					
116	Johannes Groethuyse	59	Person	Johannes		Groethuyse										
27	Johannes Placentius	60	Person	Johannes		Placentius	1485-01-01	1500-12-31	2	1538-01-01	1549-12-31	11	religious; poet	Catholicism		http://www.wikidata.org/entity/Q1243416
28	Joannes Surius	61	Person	Joannes		Surius	1554-01-01	1554-12-31		1626-01-01	1631-12-31					
29	Johannes van Aelhuisen	62	Person	Johannes	van	Aelhuisen	1626-01-01	1626-12-31	4	1685-01-01	1685-12-31	4				
30	Johannes Heckius	63	Person	Johannes		Heckius	1579-02-02	1579-02-02	51	1620-01-01	1625-12-31	63	astronomer; mathematician; physician; physicist; naturalist;			http://www.wikidata.org/entity/Q1698718
31	Johannes Amos Comenius	64	Person	Johannes Amos		Comenius	1592-03-18	1592-03-18	44	1670-11-15	1670-11-15	77	writer; linguist; presbyter; theologian; pedagogue; philosopher; scientist; teacher; educator; dramaturge; head teacher; bishop	Unity of the Brethren	https://commons.wikimedia.org/wiki/File:Jan_Amos_Comenius_(Komensky)_(1592-1670)._Tsjechisch_humanist_en_pedagoog._Als_voorganger_van_de_Moravische_of_Boheemse_Broedergemeente_verdreven_en_sedert_1656_gevestigd_te_Amsterdam_Rijksmuseum_SK-A-2161.jpeg	http://www.wikidata.org/entity/Q12735
32	Josephus Justus Scaliger	65	Person	Josephus Justus		Scaliger	1540-08-05	1540-08-05	43	1609-01-21	1609-01-21	66	historian; writer; archaeologist; professor; translator; university teacher; classical scholar; poet; numismatist; philologist	Calvinism	https://commons.wikimedia.org/wiki/File:Scaliger.jpg	http://www.wikidata.org/entity/Q315163
117	Juventus studiosa Leuven	66	Organization													
118	Carmelites of Munsterbilsen	67	Organization													
33	Lambertus Schenkelius	68	Person	Lambertus		Schenkelius	1547-03-07	1547-03-07	3							
34	Livinus Brechtus	69	Person	Livinus		Brechtus	1503-01-01	1515-12-31		1558-01-01	1558-12-31					http://www.wikidata.org/entity/Q55876001
35	Ludovicus Cellotius	70	Person	Ludovicus		Cellotius	1588-01-01	1588-12-31	50	1658-10-10	1658-10-10		theologian; poet	Catholicism		http://www.wikidata.org/entity/Q6686878
36	Georgius Macropedius	71	Person	Georgius		Macropedius	1487-04-23	1487-04-23	69	1558-07-20	1558-07-31	31	playwright	Catholicism	https://commons.wikimedia.org/wiki/File:Portret_van_Georgius_Macropedius_Georgivs_Macropedivs_(titel_op_object),_RP-P-1906-1493.jpg	http://www.wikidata.org/entity/Q710836
37	Martinus du Cygne	72	Person	Martinus	du	Cygne	1619-01-01	1619-12-31		1669-01-01	1669-12-31					http://www.wikidata.org/entity/Q21545079
38	Johannes Molanus	73	Person	Johannes		Molanus	1510-01-01	1533-12-31	37	1585-09-18	1585-09-18	11	theologian; university teacher; Catholic priest	Catholicism	https://commons.wikimedia.org/wiki/File:123_9_molanus_pt.jpg	http://www.wikidata.org/entity/Q89381
92	Nicasius Baxius	74	Person	Nicasius		Baxius	1581-11-01	1581-11-01	56	1640-01-01	1642-10-22					
39	Nicolaus Bartholomaeus	75	Person	Nicolaus		Bartholomaeus										
40	Nicolaus Susius	76	Person	Nicolaus		Susius				1619-02-03	1619-02-03					
41	Nicolaus Vernulaeus	77	Person	Nicolaus		Vernulaeus	1583-04-10	1583-04-10	7	1649-01-06	1649-01-06	11	playwright; university teacher			http://www.wikidata.org/entity/Q2679753
42	Oliverius Reylof	78	Person	Oliverius		Reylof										
119	Oratorians	79	Organization													
120	Oratorians of Mechelen	80	Organization													
121	Oratorians of Ronse	81	Organization													
122	Jesuits of Paris	82	Organization													
82	Petrus Cunaeus	83	Person	Petrus		Cunaeus	1586-01-01	1586-12-31	54	1638-12-02	1638-12-02	66	writer, historian; philosopher; theologian; university teacher; jurist; rector mangnificus of Leiden University	Protestantism	https://commons.wikimedia.org/wiki/File:Petrus-Cunaeus_1.jpg	http://www.wikidata.org/entity/Q24085
43	Petrus Ligneus	84	Person	Petrus		Ligneus	1515-01-01	1525-12-31	1			56				
93	Petrus Papeus	85	Person	Petrus		Papeus							teacher; playwright			http://www.wikidata.org/entity/Q55125268
44	Petrus Nannius	86	Person	Petrus		Nannius	1496-01-01	1500-12-31	28	1557-07-31	1557-07-31	11	philologist; translator; writer; poet; university teacher; Renaissance humanist		https://commons.wikimedia.org/wiki/File:Pieter_Nanninck_(1500-1557).png	http://www.wikidata.org/entity/Q24952357
45	Remaclus Arduenna	87	Person	Remaclus		Arduenna	1480-01-01	1480-12-31	16	1524-01-01	1524-12-31	36				
46	Rochus Honerdus	88	Person	Rochus		Honerdus	1572-03-13	1572-03-13	41	1638-01-30	1638-01-30	60				http://www.wikidata.org/entity/Q56006640
47	Theodorus Wallaeus	89	Person	Theodorus		Wallaeus	1573-10-01	1573-10-31	27	1635-01-01	1639-07-03					
48	Guilielmus Gnapheus	90	Person	Guilielmus		Gnapheus	1493-01-01	1493-12-31	60	1568-09-29	1568-09-29	26	playwright; writer; teacher	Anabaptism		http://www.wikidata.org/entity/Q777548
49	Janus Anysius	91	Person	Janus		Anysius	1465-01-01	1472-12-31		1540-01-01	1541-12-31					
50	Pierre Campson	92	Person	Pierre		Campson	1515-01-01	1515-12-31	70	1568-01-01	1568-12-31	67				http://www.wikidata.org/entity/Q27586440
83	Andreas Catullius	93	Person	Andreas		Catullius	1581-01-01	1591-12-31		1667-09-27	1667-09-27					
123	Hadrianus Chilius	94	Person	Hadrianus		Chilius				1569-01-01	1569-12-31					
84	Petrus Crullus	95	Person	Petrus		Crullus	1515-01-01	1525-12-31		1598-01-01	1598-12-31					
51	Martinus Dorpius	96	Person	Martinus		Dorpius	1485-01-01	1485-12-31	15	1525-05-31	1525-05-31	11	theologian	Catholicism	https://commons.wikimedia.org/wiki/File:Martinus_Dorpius_(1485-1525).jpg	http://www.wikidata.org/entity/Q2050711
52	Desiderius Erasmus	97	Person	Desiderius		Erasmus	1466-10-28	1469-10-28	5	1536-07-12	1536-07-12	33	translator; philosopher; theologian; teacher; essayist; Bible translator; writer; Lady Margaret's Professor of Divinity; latinist; priest; university teacher	Catholicism	https://commons.wikimedia.org/wiki/File:Holbein-erasmus.jpg	http://www.wikidata.org/entity/Q43499
124	Theodorus Euroteles	98	Person	Theodorus		Euroteles			21							
125	Bernardus Everardus	99	Person	Bernardus		Everardus										
53	Martinus Florentius	100	Person	Martinus		Florentius	1541-01-01	1541-12-31	77	1585-01-01	1585-12-31	53				
54	Bernardus Heymbachius	101	Person	Bernardus		Heymbachius	1620-01-01	1629-12-31	25	1664-07-08	1664-07-08	11				
126	Johannes Heys	102	Person	Johannes		Heys				1665-01-01	1665-12-31					
55	Lambertus Hortensius	103	Person	Lambertus		Hortensius	1500-01-01	1501-12-31	52	1571-01-01	1574-12-31	68	theologian; Renaissance humanist; historian; head teacher	Catholicism	https://commons.wikimedia.org/wiki/File:Lambertus_Hortensius.jpg	http://www.wikidata.org/entity/Q2267684
56	Libertus Houthemius	104	Person	Libertus		Houthemius	1533-01-01	1533-12-31		1584-01-01	1584-12-31		writer			http://www.wikidata.org/entity/Q23615643
57	Michael Hoyerus	105	Person	Michael		Hoyerus	1593-01-01	1593-12-31	62	1650-06-14	1650-06-14	37				
58	Christophorus Stymmelius	106	Person	Christophorus		Stymmelius	1525-10-22	1525-10-22	23	1588-02-19	1588-02-19	47	theologian; writer	Lutheranism		http://www.wikidata.org/entity/Q1085953
59	Johannes Impens	107	Person	Johannes		Impens			11	1669-11-18	1669-11-18	69				
60	Christianus Ischyrius	108	Person	Christianus		Ischyrius			72							
127	Hermann Knuyt van Sluyterhoven	109	Person	Hermann		Knuyt van Sluyterhoven										
128	Arnoldus Madirus	110	Person	Arnoldus		Madirus										
61	Philippus Morus	111	Person	Philippus		Morus	1539-01-01	1539-12-31		1578-08-01	1578-08-31					
62	Joannes Narssius	112	Person	Joannes		Narssius	1580-11-09	1580-11-09	41	1637-01-01	1639-12-31	8				
63	Petrus Pontanus	113	Person	Petrus		Pontanus	1475-01-01	1480-12-31	32			50	writer; philologist			
64	Georgius Ratallerus	114	Person	Georgius		Ratallerus	1521-01-01	1528-12-31	57	1581-10-06	1581-10-06	73	translator			http://www.wikidata.org/entity/Q1505699
65	Adrianus Roulerius	115	Person	Adrianus		Roulerius				1597-01-01	1597-12-31					
66	Panagius Salius	116	Person	Panagius		Salius			14	1595-01-28	1595-01-28					
67	Antonius Schorus	117	Person	Antonius		Schorus	1500-01-01	1525-12-31	18	1552-01-01	1552-12-31	13				http://www.wikidata.org/entity/Q21543510
68	Apollonius Scotius	118	Person	Apollonius		Scotius	1750-01-01	1755-12-31	39	1639-11-01	1639-11-01	60	Politician			
69	Renerus Snoyus	119	Person	Renerus		Snoyus	1477-01-01	1478-12-31	49	1537-08-01	1537-08-01					
70	Franciscus Sylvius	120	Person	Franciscus		Sylvius	1581-01-01	1581-12-31	45	1649-02-22	1649-02-22	6				http://www.wikidata.org/entity/Q5482555
71	Petreius Tiara	121	Person	Petreius		Tiara	1514-07-15	1514-07-15	58	1586-02-08	1586-02-08	19	philologist; physician; university teacher; translator; rector magnificus of Leiden University		https://commons.wikimedia.org/wiki/File:Petreius_Tiara.jpg	http://www.wikidata.org/entity/Q1686957
129	Antonius Vaes	122	Person	Antonius		Vaes										
72	Jacobus Vivarius	123	Person	Jacobus		Vivarius			34	1592-01-01	1602-12-31					http://www.wikidata.org/entity/Q21204421
73	Petrus Vladeraccus	124	Person	Petrus		Vladeraccus	1571-01-01	1571-12-31	3	1618-01-06	1618-01-06	22	Catholic priest	Catholicism		http://www.wikidata.org/entity/Q1881114
74	Alexander Donatus	125	Person	Alexander		Donatus	1548-01-01	1548-12-31	76	1640-01-01	1640-12-31					http://www.wikidata.org/entity/Q20203291
75	Henricus Osterharius	126	Person	Henricus		Osterharius										
76	Henricus Zwaerdecroon	127	Person	Henricus		Zwaerdecroon	1594-01-01	1594-12-31	66	1665-03-22	1665-03-22	5				
130	Jesuits of Lille	128	Organization													
131	Jesuits of Oudenaarde	129	Organization													
85	Joannes Franciscus Quintianus Stoa	130	Person	Joannes Franciscus		Quintianus Stoa	1484-01-01	1484-12-31	38	1557-10-07	1557-10-07	38				
77	Joannes Reuchlin	131	Person	Joannes		Reuchlin	1455-01-29	1455-01-29	10	1522-06-30	1522-06-30	42				http://www.wikidata.org/entity/Q61067
132	Friars Minor of Tielt	132	Organization													
133	Augustinians of Brugge	133	Organization													
134	Augustinians of Dendermonde	134	Organization													
135	Josephus Simonis	135	Person													
136	Augustinians of Ieper	136	Organization													
137	Augustinians of Leuven	137	Organization													
78	Guilliam Caudron Sr.	138	Person	Guilliam		Caudron Sr.	1584-01-01	1584-12-31		1639-01-01	1639-12-31					
138	Jesuits of Armentières	139	Organization													
139	Jesuits of Dunkerque	140	Organization													
140	Jesuits of Leuven	141	Organization													
141	Jesuits of Menin	142	Organization													
142	Jesuits of Mons	143	Organization													
143	Jesuits of Namur	144	Organization													
144	Jesuits of Oostende	145	Organization													
145	Jesuits of Tournai	146	Organization													
146	Jesuits of Valenciennes	147	Organization													
147	Nicolaes Geeraerdts	148	Person	Nicolaes		Geeraerdts										
148	Jesuits of Béthune	44	Organization													
149	Jesuits of Saint-Omer	149	Organization													
