expression_id	manifestation_id
2378	1710
2378	2157
2378	2238
2379	544
2379	1107
2379	1130
2379	991
2379	543
2379	1131
2379	993
2379	1106
2379	357
2379	994
2379	358
2379	1178
2379	289
2379	1040
2379	1582
2379	1533
2379	546
2379	1579
2379	547
2379	1308
2379	1309
2380	1754
2380	235
2380	1180
2381	1128
2381	1129
2382	1860
2382	151
2382	999
2383	415
2383	423
2383	425
2383	1001
2383	1304
2383	523
2383	1307
2383	418
2384	416
2384	424
2384	426
2384	976
2384	1000
2384	1303
2384	518
2384	1306
2384	417
2385	953
2385	608
2385	954
2385	287
2385	995
2385	955
2385	176
2385	1182
2385	288
2385	609
2385	978
2385	463
2385	968
2385	1108
2385	979
2385	1127
2385	326
2385	1126
2386	419
2386	2242
2386	973
2386	974
2386	522
2387	420
2387	957
2387	997
2387	972
2387	513
2387	524
2388	1132
2388	421
2388	1179
2388	977
2388	1135
2388	519
2389	422
2389	378
2389	996
2389	998
2389	1184
2389	542
2390	1133
2390	2203
2390	1181
2390	2267
2390	1125
2390	514
2391	1581
2391	1183
2391	959
2392	427
2392	528
2392	1177
2392	958
2392	520
2393	529
2393	971
2393	975
2393	980
2393	1720
2393	515
2393	1305
2393	992
2393	295
2394	1516
2394	377
2395	245
2395	323
2395	1096
2396	1134
2396	521
2397	1425
2397	1518
2398	516
2398	517
2399	527
2399	150
2400	291
2400	1926
2400	155
2400	1430
2400	386
2400	2023
2400	392
2400	404
2400	411
2400	1437
2400	491
2400	446
2400	1285
2400	1295
2401	1865
2401	1871
2401	294
2401	1930
2402	465
2402	292
2402	1935
2402	158
2402	1433
2402	388
2402	2025
2402	394
2402	406
2402	407
2402	2147
2402	413
2402	1439
2402	2150
2402	1531
2402	494
2402	451
2402	1287
2402	1038
2402	1039
2402	2282
2403	481
2403	293
2403	1923
2403	154
2403	1429
2403	385
2403	2022
2403	391
2403	403
2403	410
2403	1436
2403	490
2403	445
2403	1284
2403	1294
2404	1881
2404	1426
2404	297
2405	1889
2405	1902
2406	1904
2406	1999
2407	1907
2407	2001
2408	1919
2408	152
2408	1427
2408	383
2408	2020
2408	389
2408	401
2408	408
2408	1434
2408	488
2408	443
2408	1282
2408	1293
2409	153
2409	1428
2409	384
2409	2021
2409	390
2409	402
2409	409
2409	1435
2409	1529
2409	489
2409	444
2409	1283
2409	1292
2410	156
2410	1431
2410	1698
2410	414
2410	1440
2410	1530
2410	492
2410	448
2410	1297
2411	157
2411	1432
2411	387
2411	2024
2411	393
2411	405
2411	412
2411	1438
2411	493
2411	449
2411	1286
2411	1298
2412	2019
2412	1697
2412	396
2412	1311
2412	238
2412	441
2412	1290
2413	1696
2413	486
2413	440
2413	1289
2414	1699
2414	398
2414	1313
2414	236
2414	450
2414	1299
2415	1700
2415	399
2415	1314
2415	240
2415	452
2415	1300
2416	1701
2416	484
2416	454
2416	1302
2417	159
2417	333
2417	1499
2418	395
2418	1310
2418	237
2418	438
2419	397
2419	1312
2419	239
2419	447
2419	1296
2420	400
2420	1315
2420	241
2420	453
2420	1301
2421	2143
2421	485
2421	439
2421	1288
2422	2144
2422	487
2422	442
2422	1291
2423	965
2423	2175
2424	1528
2424	178
2424	1007
2424	1693
2424	1694
2424	1003
2424	533
2424	1514
2424	535
2424	984
2424	989
2424	769
2424	750
2424	987
2424	988
2424	330
2425	538
2425	1462
2425	764
2426	319
2426	1460
2427	278
2427	311
2427	1445
2428	2145
2428	2064
2429	305
2429	763
2430	162
2430	1544
2430	279
2430	759
2430	244
2431	306
2431	762
2432	470
2432	1745
2433	2156
2433	2170
2433	2226
2434	748
2434	1261
2434	2228
2435	1032
2435	431
2435	180
2435	1005
2436	956
2436	761
2437	430
2437	179
2437	1004
2438	1463
2438	312
2438	1446
2439	307
2439	314
2439	1451
2440	966
2440	308
2440	1441
2441	967
2441	309
2441	1442
2442	2171
2442	2229
2443	765
2443	483
2444	1112
2444	614
2444	1877
2445	1464
2445	1450
2446	610
2446	1527
2446	605
2446	1522
2447	310
2447	1443
2448	313
2448	1448
2449	2179
2449	2026
2450	315
2450	322
2451	316
2451	1452
2452	317
2452	1453
2453	318
2453	1454
2454	334
2454	1006
2455	2187
2455	2210
2455	1350
2456	1692
2456	1002
2456	1695
2456	534
2456	1515
2456	536
2456	990
2457	2196
2457	1046
2458	1029
2458	1444
2459	1577
2459	1578
2460	2237
2460	189
2461	246
2461	252
2461	258
2462	247
2462	253
2462	259
2463	248
2463	254
2463	260
2464	249
2464	255
2464	261
2465	250
2465	256
2465	262
2466	251
2466	257
2466	263
2467	1487
2467	1014
2468	1488
2468	1015
2469	1489
2469	1016
2470	1490
2470	1017
2471	1491
2471	1018
2472	1492
2472	1019
2473	1008
2473	1020
2474	1009
2474	1021
2475	1010
2475	1022
2476	1011
2476	1023
2477	1012
2477	1024
2478	1013
2478	1025
2479	1541
2479	462
2480	2262
2480	2359
2481	381
2481	502
2482	2317
2482	1758
2483	505
2483	1231
2484	356
2484	347
2485	2347
2485	2348
2486	1716
2486	1667
2487	1634
2487	1061
2488	1783
2488	783
2489	1560
2489	1349
2490	1788
2490	1845
2490	1863
2491	1044
2491	896
2492	1045
2492	845
2493	1048
2493	1077
2494	1822
2494	167
2495	1825
2495	1981
2496	1826
2496	1975
2497	693
2497	1194
2498	694
2498	1264
2499	1334
2499	1340
2500	1839
2500	1988
2501	1051
2501	851
2502	696
2502	208
2503	1849
2503	1945
2504	1347
2504	1411
2505	1851
2505	197
2506	1852
2506	1874
2506	1958
2507	1367
2507	1414
2508	1280
2508	803
2509	1055
2509	876
2510	1890
2510	1388
2511	1901
2511	960
2512	1139
2512	1140
2513	1144
2513	1157
2514	1154
2514	1155
2515	1936
2515	2016
2516	1229
2516	1234
2517	1957
2517	774
2518	1114
2518	796
2519	1993
2519	1994
2520	818
2520	951
2521	825
2521	949
2522	826
2522	837
2523	1249
2523	1250
2524	1258
2524	1259
2525	2032
2525	2033
2526	2180
2527	1262
2528	164
2529	2281
2530	1123
2531	1949
2532	1124
2533	530
2534	320
2535	963
2536	525
2537	526
2538	1803
2539	964
2540	613
2541	1829
2542	428
2543	746
2544	280
2545	464
2546	1861
2547	1883
2548	1891
2549	747
2550	1916
2551	1971
2552	1974
2553	1978
2554	1109
2555	281
2556	282
2557	1041
2558	177
2559	1513
2560	1702
2561	1703
2562	1519
2563	286
2564	2146
2565	1459
2566	1520
2567	1521
2568	1461
2569	2148
2570	2149
2571	335
2572	1110
2573	2151
2574	372
2575	2152
2576	2153
2577	379
2578	2154
2579	636
2580	436
2581	373
2582	539
2583	437
2584	2155
2585	471
2586	336
2587	337
2588	374
2589	2158
2590	2159
2591	2160
2592	2161
2593	2162
2594	375
2595	1033
2596	2163
2597	380
2598	2164
2599	376
2600	2165
2601	472
2602	429
2603	2166
2604	661
2605	473
2606	435
2607	1704
2608	1493
2609	474
2610	662
2611	663
2612	1111
2613	2167
2614	1494
2615	1705
2616	1706
2617	1496
2618	2168
2619	1707
2620	2169
2621	760
2622	1495
2623	1708
2624	751
2625	766
2626	338
2627	1034
2628	617
2629	339
2630	2172
2631	1035
2632	2173
2633	2174
2634	1497
2635	2176
2636	722
2637	1162
2638	1540
2639	475
2640	1465
2641	2177
2642	637
2643	366
2644	2178
2645	638
2646	1036
2647	2181
2648	2182
2649	1498
2650	2183
2651	2184
2652	723
2653	476
2654	2185
2655	1554
2656	2186
2657	1163
2658	2188
2659	752
2660	618
2661	753
2662	754
2663	755
2664	639
2665	619
2666	1164
2667	1691
2668	756
2669	757
2670	2189
2671	758
2672	664
2673	2190
2674	2191
2675	2192
2676	2193
2677	2194
2678	2195
2679	1026
2680	1027
2681	2197
2682	1569
2683	277
2684	2198
2685	2199
2686	1466
2687	2200
2688	1099
2689	1467
2690	2201
2691	2202
2692	2204
2693	2205
2694	2206
2695	2207
2696	2208
2697	1468
2698	1100
2699	640
2700	2209
2701	1570
2702	665
2703	666
2704	1474
2705	667
2706	2211
2707	2212
2708	2213
2709	2214
2710	477
2711	1571
2712	466
2713	467
2714	2215
2715	468
2716	1037
2717	2216
2718	2217
2719	668
2720	669
2721	469
2722	2218
2723	670
2724	1101
2725	1469
2726	2219
2727	1102
2728	1103
2729	2220
2730	1104
2731	671
2732	1470
2733	1165
2734	2221
2735	285
2736	2222
2737	2223
2738	2224
2739	1471
2740	620
2741	478
2742	2225
2743	2227
2744	672
2745	1097
2746	2230
2747	2231
2748	673
2749	2232
2750	2233
2751	1166
2752	1669
2753	2234
2754	2235
2755	2236
2756	321
2757	674
2758	641
2759	2239
2760	2240
2761	2241
2762	1472
2763	461
2764	283
2765	2243
2766	1117
2767	2244
2768	1473
2769	1118
2770	540
2771	1167
2772	290
2773	1105
2774	2775
2776	2245
2777	675
2778	2246
2779	211
2780	2247
2781	2248
2782	2249
2783	1119
2784	264
2785	212
2786	1137
2787	174
2788	1447
2789	1517
2790	2250
2791	1449
2792	574
2793	298
2794	2251
2795	1532
2796	676
2797	642
2798	1475
2799	2252
2800	1476
2801	434
2802	1486
2803	2253
2804	213
2805	1572
2806	1168
2807	2254
2808	455
2809	2256
2810	643
2811	541
2812	2257
2813	284
2814	2258
2815	2259
2816	1169
2817	2260
2818	644
2819	456
2820	457
2821	1170
2822	645
2823	324
2824	325
2825	2261
2826	214
2827	458
2828	2263
2829	215
2830	646
2831	1171
2832	216
2833	647
2834	217
2835	2264
2836	648
2837	2265
2838	459
2839	1172
2840	2266
2841	460
2842	1098
2843	1709
2844	1173
2845	2268
2846	649
2847	615
2848	616
2849	545
2850	677
2851	218
2852	265
2853	219
2854	266
2855	1174
2856	267
2857	220
2858	268
2859	1549
2860	2269
2861	650
2862	2270
2863	221
2864	222
2865	651
2866	269
2867	1186
2868	1175
2869	652
2870	1176
2871	223
2872	2271
2873	224
2874	331
2875	270
2876	332
2877	271
2878	2272
2879	272
2880	2273
2881	2274
2882	2275
2883	1120
2884	2276
2885	2277
2886	653
2887	654
2888	2278
2889	2279
2890	175
2891	655
2892	575
2893	273
2894	2280
2895	1121
2896	656
2897	576
2898	2283
2899	1122
2900	2284
2901	2285
2902	2286
2903	657
2904	225
2905	2287
2906	556
2907	2288
2908	557
2909	558
2910	559
2911	560
2912	561
2913	562
2914	563
2915	564
2916	632
2917	633
2918	565
2919	566
2920	567
2921	2289
2922	274
2923	2290
2924	226
2925	658
2926	634
2927	2291
2928	2292
2929	2293
2930	2294
2931	1187
2932	227
2933	275
2934	724
2935	725
2936	2295
2937	2296
2938	276
2939	2297
2940	2298
2941	2299
2942	2300
2943	2301
2944	726
2945	2302
2946	2303
2947	577
2948	1580
2949	2304
2950	2305
2951	578
2952	1188
2953	2306
2954	531
2955	1534
2956	1535
2957	1093
2958	2307
2959	2308
2960	1094
2961	2309
2962	2310
2963	2311
2964	2312
2965	1095
2966	727
2967	579
2968	503
2969	580
2970	2313
2971	532
2972	1455
2973	659
2974	1592
2975	2314
2976	2315
2977	1483
2978	612
2979	732
2980	2316
2981	2318
2982	660
2983	2319
2984	2320
2985	2321
2986	622
2987	2322
2988	2323
2989	581
2990	2324
2991	733
2992	504
2993	2325
2994	187
2995	734
2996	354
2997	2326
2998	2327
2999	2328
3000	188
3001	1542
3002	2329
3003	623
3004	1484
3005	480
3006	2330
3007	624
3008	735
3009	625
3010	1543
3011	2331
3012	355
3013	626
3014	736
3015	537
3016	2332
3017	627
3018	628
3019	2333
3020	2334
3021	1551
3022	2335
3023	2336
3024	1591
3025	506
3026	2337
3027	2338
3028	2339
3029	2340
3030	2341
3031	582
3032	2342
3033	2343
3034	629
3035	2344
3036	2345
3037	2346
3038	507
3039	508
3040	2349
3041	2350
3042	2351
3043	2352
3044	2353
3045	2354
3046	2355
3047	2356
3048	2357
3049	2358
3050	603
3051	2360
3052	2361
3053	2362
3054	2363
3055	1689
3056	2364
3057	2365
3058	2366
3059	509
3060	510
3061	2367
3062	511
3063	512
3064	1552
3065	482
3066	2368
3067	2369
3068	2370
3069	1690
3070	2371
3071	737
3072	1485
3073	630
3074	2372
3075	1553
3076	2373
3077	2374
3078	2375
3079	604
3080	2376
3081	2377
3082	631
3083	1711
3084	340
3085	621
3086	341
3087	1712
3088	583
3089	495
3090	1713
3091	1714
3092	730
3093	342
3094	496
3095	1715
3096	731
3097	1717
3098	584
3099	1718
3100	1719
3101	181
3102	1721
3103	1722
3104	1723
3105	1724
3106	1725
3107	1726
3108	1727
3109	497
3110	343
3111	344
3112	1550
3113	1728
3114	498
3115	682
3116	1316
3117	1729
3118	499
3119	1730
3120	345
3121	1731
3122	500
3123	1732
3124	501
3125	1733
3126	1734
3127	1735
3128	433
3129	1736
3130	1737
3131	346
3132	1738
3133	1739
3134	348
3135	1740
3136	1741
3137	349
3138	1116
3139	985
3140	350
3141	1115
3142	1742
3143	1556
3144	1557
3145	1317
3146	1629
3147	1630
3148	848
3149	1743
3150	351
3151	1318
3152	352
3153	182
3154	353
3155	1744
3156	1631
3157	1746
3158	1747
3159	1748
3160	1749
3161	1750
3162	382
3163	1632
3164	986
3165	1751
3166	242
3167	1633
3168	1558
3169	1752
3170	1753
3171	1500
3172	1635
3173	1636
3174	1637
3175	1755
3176	228
3177	1638
3178	1639
3179	1640
3180	1641
3181	1642
3182	1756
3183	183
3184	184
3185	363
3186	364
3187	327
3188	1643
3189	1757
3190	1759
3191	1760
3192	1761
3193	1762
3194	1763
3195	296
3196	1764
3197	1670
3198	1765
3199	1766
3200	1767
3201	1768
3202	1769
3203	1770
3204	365
3205	1771
3206	1772
3207	1773
3208	1774
3209	229
3210	1775
3211	1573
3212	1776
3213	1777
3214	1778
3215	1574
3216	230
3217	1779
3218	550
3219	1780
3220	1644
3221	1781
3222	683
3223	1782
3224	1784
3225	231
3226	1785
3227	1559
3228	1786
3229	1787
3230	299
3231	300
3232	1789
3233	1501
3234	1790
3235	969
3236	1791
3237	1792
3238	1793
3239	367
3240	1042
3241	1561
3242	1794
3243	1795
3244	1502
3245	1796
3246	1645
3247	243
3248	1043
3249	1562
3250	1671
3251	1797
3252	1798
3253	1536
3254	585
3255	1799
3256	1800
3257	1563
3258	1575
3259	1646
3260	1564
3261	1565
3262	232
3263	1801
3264	1802
3265	684
3266	1566
3267	1672
3268	1567
3269	1804
3270	1321
3271	685
3272	1322
3273	970
3274	368
3275	1805
3276	1806
3277	1807
3278	233
3279	1673
3280	1323
3281	1808
3282	686
3283	1324
3284	1503
3285	1674
3286	1675
3287	1809
3288	1325
3289	1326
3290	1810
3291	1811
3292	1812
3293	1047
3294	1813
3295	1327
3296	1328
3297	1676
3298	1814
3299	1815
3300	1816
3301	1817
3302	1537
3303	1677
3304	687
3305	1818
3306	1647
3307	1504
3308	1329
3309	1648
3310	1819
3311	1820
3312	1821
3313	688
3314	3315
3316	1330
3317	1823
3318	369
3319	3320
3321	1824
3322	3323
3324	371
3325	1649
3326	1650
3327	1049
3328	1651
3329	370
3330	1827
3331	1828
3332	689
3333	690
3334	691
3335	1331
3336	1332
3337	1830
3338	1333
3339	1831
3340	1678
3341	1505
3342	692
3343	1832
3344	1833
3345	1834
3346	1835
3347	1679
3348	1506
3349	1836
3350	1335
3351	1538
3352	1837
3353	234
3354	586
3355	1507
3356	1050
3357	1838
3358	695
3359	1508
3360	1336
3361	1840
3362	1841
3363	1189
3364	587
3365	1842
3366	1539
3367	697
3368	698
3369	699
3370	700
3371	701
3372	1337
3373	1190
3374	1843
3375	1191
3376	702
3377	1338
3378	1265
3379	1844
3380	1339
3381	1341
3382	1680
3383	1342
3384	1509
3385	1681
3386	1343
3387	1682
3388	1510
3389	703
3390	1192
3391	704
3392	705
3393	1344
3394	1846
3395	706
3396	707
3397	1266
3398	1576
3399	1652
3400	1193
3401	1345
3402	1847
3403	1267
3404	708
3405	709
3406	1848
3407	1346
3408	1268
3409	710
3410	711
3411	1850
3412	1653
3413	1348
3414	1195
3415	712
3416	1351
3417	713
3418	1511
3419	328
3420	1352
3421	1512
3422	1683
3423	1353
3424	1354
3425	1355
3426	1853
3427	1854
3428	1196
3429	1855
3430	1356
3431	1357
3432	1197
3433	714
3434	1358
3435	1359
3436	1198
3437	1856
3438	1857
3439	1858
3440	715
3441	1360
3442	1361
3443	1362
3444	1684
3445	1859
3446	329
3447	1363
3448	1199
3449	1364
3450	1862
3451	588
3452	1269
3453	1365
3454	1366
3455	359
3456	301
3457	360
3458	981
3459	1864
3460	589
3461	1368
3462	1200
3463	1201
3464	1685
3465	190
3466	1202
3467	1866
3468	1369
3469	1203
3470	1867
3471	1204
3472	302
3473	1868
3474	1205
3475	1370
3476	1371
3477	1270
3478	1869
3479	1271
3480	679
3481	1870
3482	716
3483	191
3484	717
3485	1272
3486	844
3487	1872
3488	1873
3489	1875
3490	1273
3491	1876
3492	718
3493	719
3494	1274
3495	1878
3496	606
3497	1879
3498	1880
3499	1372
3500	1275
3501	982
3502	1373
3503	1206
3504	1686
3505	1882
3506	192
3507	846
3508	720
3509	1207
3510	1276
3511	1374
3512	1277
3513	1687
3514	847
3515	1375
3516	1376
3517	1377
3518	1884
3519	1052
3520	1378
3521	193
3522	194
3523	1885
3524	1379
3525	1278
3526	1319
3527	361
3528	680
3529	1380
3530	362
3531	1381
3532	1886
3533	590
3534	1887
3535	1382
3536	1888
3537	1383
3538	1053
3539	983
3540	1654
3541	1054
3542	1477
3543	195
3544	1478
3545	160
3546	161
3547	1384
3548	1655
3549	1208
3550	1385
3551	1892
3552	196
3553	1893
3554	1894
3555	303
3556	1279
3557	681
3558	304
3559	1479
3560	1895
3561	1896
3562	591
3563	1209
3564	1386
3565	1210
3566	1211
3567	1897
3568	1387
3569	1320
3570	1056
3571	1898
3572	1389
3573	1390
3574	1391
3575	1212
3576	1392
3577	1899
3578	1393
3579	1900
3580	728
3581	1480
3582	1213
3583	1481
3584	1057
3585	592
3586	593
3587	1058
3588	1214
3589	729
3590	594
3591	198
3592	1903
3593	595
3594	199
3595	200
3596	1394
3597	201
3598	596
3599	202
3600	1138
3601	1059
3602	1905
3603	1906
3604	1215
3605	1141
3606	1216
3607	1395
3608	1688
3609	1656
3610	1396
3611	203
3612	1657
3613	1908
3614	1909
3615	1397
3616	1217
3617	1060
3618	1142
3619	204
3620	1658
3621	1910
3622	597
3623	1482
3624	1398
3625	1218
3626	1143
3627	1399
3628	1145
3629	1659
3630	721
3631	1911
3632	1660
3633	1062
3634	1912
3635	598
3636	1400
3637	205
3638	1219
3639	1913
3640	1914
3641	1915
3642	1146
3643	599
3644	1917
3645	1918
3646	1147
3647	1148
3648	1149
3649	1150
3650	1151
3651	1152
3652	1920
3653	1153
3654	1063
3655	1064
3656	1401
3657	1156
3658	1402
3659	600
3660	1921
3661	1661
3662	1662
3663	1220
3664	206
3665	1663
3666	1221
3667	207
3668	1922
3669	1222
3670	1924
3671	1281
3672	601
3673	1223
3674	1224
3675	1260
3676	1403
3677	1925
3678	1927
3679	1158
3680	1928
3681	1404
3682	1929
3683	1406
3684	1159
3685	1664
3686	1160
3687	1407
3688	602
3689	1065
3690	1066
3691	1931
3692	1932
3693	1225
3694	1933
3695	1934
3696	1067
3697	1937
3698	1226
3699	1068
3700	1069
3701	1227
3702	1228
3703	1938
3704	1230
3705	1939
3706	1940
3707	1070
3708	1071
3709	1941
3710	1942
3711	1943
3712	1944
3713	1946
3714	1232
3715	1233
3716	1072
3717	209
3718	1947
3719	1073
3720	1948
3721	210
3722	1950
3723	1951
3724	1952
3725	1953
3726	1954
3727	1074
3728	1955
3729	1408
3730	1956
3731	1959
3732	1235
3733	1665
3734	1666
3735	1960
3736	1961
3737	1962
3738	1236
3739	1963
3740	1075
3741	1076
3742	479
3743	1964
3744	1965
3745	1113
3746	1966
3747	1078
3748	1593
3749	1594
3750	1595
3751	1409
3752	1967
3753	1596
3754	1597
3755	1410
3756	1968
3757	1969
3758	1412
3759	1598
3760	1970
3761	611
3762	1079
3763	1413
3764	1080
3765	1081
3766	1415
3767	1082
3768	1972
3769	1416
3770	1628
3771	1417
3772	1418
3773	1973
3774	1083
3775	1419
3776	1599
3777	1976
3778	738
3779	739
3780	1977
3781	1600
3782	1084
3783	165
3784	166
3785	1979
3786	1420
3787	1980
3788	1421
3789	168
3790	1601
3791	169
3792	740
3793	1422
3794	741
3795	742
3796	1602
3797	1603
3798	1982
3799	1983
3800	1984
3801	1985
3802	1986
3803	1987
3804	1545
3805	743
3806	744
3807	745
3808	1989
3809	1990
3810	1546
3811	1991
3812	1992
3813	1604
3814	1605
3815	1547
3816	1555
3817	1548
3818	770
3819	771
3820	772
3821	773
3822	775
3823	776
3824	1606
3825	1607
3826	777
3827	1608
3828	1995
3829	170
3830	1609
3831	778
3832	779
3833	1610
3834	780
3835	1668
3836	1611
3837	781
3838	171
3839	1612
3840	1613
3841	1085
3842	1086
3843	1087
3844	1614
3845	1088
3846	782
3847	1615
3848	1616
3849	1617
3850	678
3851	784
3852	1618
3853	1996
3854	785
3855	1619
3856	1620
3857	635
3858	961
3859	962
3860	1621
3861	786
3862	1622
3863	1623
3864	1624
3865	787
3866	788
3867	789
3868	1997
3869	1625
3870	790
3871	1998
3872	791
3873	792
3874	1089
3875	793
3876	794
3877	795
3878	797
3879	1090
3880	798
3881	799
3882	1091
3883	1092
3884	800
3885	801
3886	849
3887	570
3888	571
3889	554
3890	2000
3891	555
3892	2002
3893	2003
3894	2004
3895	2005
3896	572
3897	2006
3898	573
3899	1423
3900	802
3901	2007
3902	850
3903	2008
3904	172
3905	1238
3906	2009
3907	2010
3908	173
3909	2011
3910	852
3911	853
3912	854
3913	855
3914	2012
3915	2013
3916	2014
3917	2015
3918	856
3919	857
3920	858
3921	804
3922	2017
3923	859
3924	1239
3925	805
3926	806
3927	807
3928	860
3929	808
3930	809
3931	810
3932	861
3933	568
3934	2018
3935	1240
3936	811
3937	862
3938	1241
3939	812
3940	813
3941	863
3942	864
3943	865
3944	866
3945	814
3946	815
3947	867
3948	868
3949	816
3950	869
3951	1242
3952	817
3953	870
3954	871
3955	872
3956	819
3957	1243
3958	873
3959	874
3960	820
3961	875
3962	877
3963	1263
3964	821
3965	878
3966	822
3967	1244
3968	879
3969	880
3970	823
3971	824
3972	881
3973	882
3974	883
3975	1245
3976	884
3977	885
3978	886
3979	887
3980	827
3981	828
3982	829
3983	888
3984	830
3985	889
3986	890
3987	831
3988	832
3989	1246
3990	833
3991	891
3992	1247
3993	1248
3994	892
3995	834
3996	893
3997	894
3998	835
3999	895
4000	836
4001	767
4002	1251
4003	897
4004	768
4005	1626
4006	1252
4007	898
4008	899
4009	900
4010	838
4011	839
4012	840
4013	901
4014	902
4015	841
4016	842
4017	843
4018	4019
4020	903
4021	925
4022	926
4023	1253
4024	1161
4025	927
4026	904
4027	905
4028	928
4029	906
4030	1456
4031	929
4032	930
4033	1254
4034	2027
4035	931
4036	1136
4037	932
4038	933
4039	934
4040	907
4041	935
4042	1255
4043	908
4044	909
4045	910
4046	549
4047	911
4048	1030
4049	936
4050	937
4051	938
4052	939
4053	912
4054	1185
4055	913
4056	940
4057	1523
4058	1256
4059	2028
4060	1524
4061	1424
4062	2029
4063	2030
4064	914
4065	548
4066	1525
4067	915
4068	1526
4069	916
4070	551
4071	941
4072	2031
4073	1257
4074	553
4075	942
4076	917
4077	918
4078	552
4079	1028
4080	1583
4081	943
4082	944
4083	919
4084	920
4085	921
4086	922
4087	923
4088	945
4089	946
4090	1584
4091	1568
4092	4093
4094	1457
4095	1585
4096	1586
4097	947
4098	607
4099	569
4100	948
4101	1587
4102	1588
4103	950
4104	2034
4105	924
4106	952
4107	1458
4108	1589
4109	1590
4110	432
4111	163
4112	2035
4113	2036
4114	2037
4115	2038
4116	2039
4117	2040
4118	2041
4119	2042
4120	2043
4121	2044
4122	2045
4123	4124
4125	2046
4126	2047
4127	2048
4128	2049
4129	2050
4130	2051
4131	2052
4132	2053
4133	2054
4134	2055
4135	2056
4136	2057
4137	2058
4138	2059
4139	2060
4140	2061
4141	2062
4142	2063
4143	2065
4144	2066
4145	2067
4146	2068
4147	2069
4148	2070
4149	2071
4150	2072
4151	2073
4152	2074
4153	1031
4154	2075
4155	2076
4156	2077
4157	2078
4158	2079
4159	2080
4160	2081
4161	2082
4162	2083
4163	1237
4164	2084
4165	2085
4166	2086
4167	2087
4168	2088
4169	2089
4170	2090
4171	2091
4172	2092
4173	2093
4174	2094
4175	2095
4176	2096
4177	2097
4178	2098
4179	2099
4180	2100
4181	2101
4182	2102
4183	2103
4184	2104
4185	2105
4186	2106
4187	2107
4188	2108
4189	2109
4190	2110
4191	2111
4192	2112
4193	2113
4194	2114
4195	2115
4196	2116
4197	2117
4198	2118
4199	2119
4200	2120
4201	2121
4202	2122
4203	2123
4204	2124
4205	2125
4206	2126
4207	2127
4208	2128
4209	2129
4210	2130
4211	2131
4212	2132
4213	2133
4214	2134
4215	185
4216	186
4217	2135
4218	1627
4219	2136
4220	2137
4221	2138
4222	2139
4223	2140
4224	2141
4225	2142
4226	4227
4228	749
4229	1405
4230	2255
