manifestation_id	ceneton_id
150	4231
151	4232
152	4233
153	4234
154	4235
155	4236
156	4237
157	4238
158	4239
159	4240
160	4241
161	4242
162	4243
163	4244
164	4245
165	4246
166	4247
167	4248
168	4249
169	4250
170	4251
170	4252
171	4253
171	4254
172	4255
173	4256
174	4257
175	4258
176	4259
177	4260
178	4261
179	4262
180	4263
181	4264
182	4265
183	4266
184	4267
185	4268
186	4269
187	4270
188	4271
188	4272
189	4273
190	4274
191	4275
192	4276
193	4277
193	4278
194	4279
194	4280
195	4281
196	4282
197	4283
198	4284
199	4285
200	4286
201	4287
202	4288
203	4289
203	4290
204	4291
205	4292
206	4293
207	4294
208	4295
209	4296
210	4297
211	4298
212	4299
213	4300
214	4301
215	4302
216	4303
217	4304
217	4305
218	4306
219	4307
220	4308
221	4309
222	4310
223	4311
224	4312
225	4313
226	4314
227	4315
228	4316
229	4317
230	4318
231	4319
232	4320
233	4321
234	4322
235	4323
236	4324
237	4325
238	4326
239	4327
240	4328
241	4329
242	4330
242	4331
243	4332
244	4333
245	4334
246	4335
247	4336
248	4337
249	4338
250	4339
251	4340
252	4341
253	4342
254	4343
255	4344
256	4345
257	4346
258	4347
259	4348
260	4349
261	4350
262	4351
263	4352
264	4353
265	4354
266	4355
267	4356
268	4357
269	4358
270	4359
271	4360
272	4361
273	4362
274	4363
275	4364
276	4365
277	4366
278	4367
279	4368
280	4369
281	4370
282	4371
283	4372
284	4373
285	4374
286	4375
287	4376
288	4377
289	4378
290	4379
291	4380
292	4381
293	4382
294	4383
295	4384
296	4385
297	4386
298	4387
299	4388
300	4389
301	4390
302	4391
303	4392
304	4393
305	4394
306	4395
307	4396
308	4397
309	4398
310	4399
311	4400
312	4401
313	4402
314	4403
315	4404
316	4405
317	4406
318	4407
319	4408
320	4409
321	4410
322	4411
323	4412
324	4413
325	4414
326	4415
327	4416
328	4417
329	4418
330	4419
331	4420
332	4421
333	4422
334	4423
335	4424
336	4425
337	4426
338	4427
339	4428
340	4429
341	4430
342	4431
342	4432
343	4433
344	4434
345	4435
346	4436
347	4436
347	4437
348	4438
349	4439
350	4440
351	4441
352	4442
353	4443
354	4444
355	4445
356	4446
357	4447
358	4448
359	4449
360	4450
361	4451
362	4452
363	4453
363	4454
364	4455
365	4456
366	4457
367	4457
368	4458
369	4459
370	4460
371	4461
372	4462
373	4463
374	4464
375	4465
375	4466
376	4467
377	4468
378	4469
379	4470
379	4471
380	4472
381	4473
382	4474
383	4475
384	4476
385	4477
386	4478
387	4479
388	4480
389	4481
390	4482
391	4483
392	4484
393	4485
394	4486
395	4487
396	4488
397	4489
398	4490
399	4491
400	4492
401	4493
402	4494
403	4495
404	4496
405	4497
406	4498
407	4499
408	4500
409	4501
410	4502
411	4503
412	4504
413	4505
414	4506
415	4507
416	4508
417	4509
418	4509
419	4510
420	4511
421	4512
422	4513
423	4514
424	4515
425	4516
426	4517
427	4518
428	4519
429	4520
430	4521
431	4522
432	4523
433	4524
434	4525
435	4526
436	4527
437	4528
438	4529
439	4530
440	4531
441	4532
442	4533
443	4534
444	4535
445	4536
446	4537
447	4538
448	4539
449	4540
450	4541
451	4542
452	4543
453	4544
454	4545
455	4546
456	4547
457	4548
458	4549
459	4550
460	4551
461	4552
461	4553
462	4554
463	4555
464	4556
465	4557
466	4558
467	4559
468	4560
469	4561
470	4562
471	4563
472	4564
473	4565
474	4566
475	4567
476	4568
477	4569
478	4570
479	4571
480	4572
481	4573
482	4574
483	4575
484	4576
485	4577
486	4578
487	4579
488	4580
489	4581
490	4582
491	4583
492	4584
493	4585
494	4586
495	4587
496	4588
496	4589
497	4590
498	4591
498	4592
499	4593
500	4594
501	4595
502	4596
503	4597
504	4598
505	4599
506	4600
507	4601
508	4602
508	4603
509	4604
510	4605
511	4606
512	4607
513	4608
514	4609
515	4610
516	4611
517	4612
518	4613
519	4614
520	4615
521	4616
522	4617
523	4618
524	4619
525	4620
526	4621
527	4622
528	4623
529	4624
530	4625
531	4626
532	4627
533	4628
534	4629
535	4630
536	4631
537	4632
538	4633
539	4634
540	4635
541	4636
541	4637
542	4638
543	4639
544	4640
545	4641
546	4642
547	4643
548	4644
549	4645
550	4646
551	4647
551	4648
552	4649
553	4650
554	4651
555	4652
556	4653
557	4654
558	4655
559	4656
560	4657
561	4658
562	4659
563	4660
564	4661
565	4662
566	4663
567	4664
568	4665
569	4666
570	4667
571	4668
572	4669
573	4670
574	4671
575	4672
576	4673
577	4674
578	4675
579	4676
580	4677
581	4678
582	4679
583	4680
584	4681
585	4682
586	4683
587	4684
588	4685
589	4686
590	4687
591	4688
592	4689
593	4690
594	4691
595	4692
596	4693
597	4694
598	4695
599	4696
600	4697
601	4698
602	4699
603	4700
604	4701
605	4702
606	4703
607	4704
608	4705
609	4706
610	4707
611	4708
612	4709
612	4710
613	4711
614	4712
615	4713
616	4714
617	4715
618	4716
619	4717
620	4718
621	4719
622	4720
623	4721
624	4722
624	4723
625	4724
626	4725
627	4726
627	4727
628	4728
628	4729
629	4730
630	4731
630	4732
631	4733
632	4734
633	4735
634	4736
635	4737
636	4738
637	4739
637	4740
638	4741
639	4742
640	4743
641	4744
642	4745
643	4746
644	4747
645	4748
646	4749
647	4750
648	4751
649	4752
650	4753
651	4754
652	4755
653	4756
654	4757
655	4758
656	4759
657	4760
658	4761
659	4762
660	4763
661	4764
662	4765
663	4766
664	4767
665	4768
666	4769
667	4770
668	4771
669	4772
670	4773
671	4774
672	4775
673	4776
674	4777
675	4778
676	4779
677	4780
678	4781
679	4782
680	4783
681	4784
682	4785
683	4786
684	4787
685	4788
686	4789
687	4790
688	4791
689	4792
689	4793
690	4794
691	4795
692	4796
693	4797
694	4798
695	4799
696	4800
697	4801
697	4802
698	4803
698	4804
699	4805
699	4806
700	4807
700	4808
701	4809
701	4810
702	4811
703	4812
704	4813
705	4814
706	4815
707	4816
708	4817
709	4818
710	4819
711	4820
712	4821
713	4822
714	4823
715	4824
716	4825
717	4826
718	4827
719	4828
720	4829
721	4830
722	4831
723	4832
724	4833
725	4834
726	4835
727	4836
728	4837
729	4838
730	4839
730	4840
731	4841
731	4842
732	4843
732	4844
733	4845
733	4846
734	4847
734	4848
735	4849
735	4850
736	4851
737	4852
737	4853
738	4854
738	4855
739	4856
739	4857
740	4858
741	4859
741	4860
742	4861
742	4862
743	4863
744	4864
745	4865
746	4866
747	4867
748	4868
750	4869
751	4870
752	4871
753	4872
754	4873
755	4874
756	4875
757	4876
758	4877
759	4878
760	4879
761	4880
762	4881
763	4882
764	4883
765	4884
766	4885
767	4886
768	4887
769	4888
770	4889
771	4890
772	4891
773	4892
774	4893
775	4894
776	4895
777	4896
778	4897
779	4898
780	4899
781	4900
782	4901
783	4902
784	4903
785	4904
786	4905
787	4906
788	4907
789	4908
790	4909
791	4910
792	4911
793	4912
794	4913
795	4914
796	4915
797	4916
798	4917
799	4918
800	4919
801	4920
802	4921
803	4922
804	4923
805	4924
806	4925
807	4926
808	4927
809	4928
810	4929
811	4930
812	4931
812	4932
813	4933
813	4934
814	4935
814	4936
815	4937
815	4938
816	4939
817	4940
818	4941
818	4942
819	4943
819	4944
820	4945
821	4946
822	4947
822	4948
823	4949
824	4950
825	4951
826	4952
826	4953
827	4954
828	4955
829	4956
830	4957
831	4958
831	4959
832	4960
832	4961
833	4962
834	4963
835	4964
836	4965
836	4966
837	4967
837	4968
838	4969
838	4970
839	4971
839	4972
840	4973
841	4974
842	4975
843	4976
844	4977
845	4978
846	4979
847	4980
848	4981
849	4982
850	4983
851	4984
852	4985
853	4986
854	4987
854	4988
855	4989
855	4990
856	4991
857	4992
858	4993
859	4994
860	4995
861	4996
862	4997
863	4998
864	4999
865	5000
866	5001
867	5002
868	5003
869	5004
870	5005
871	5006
872	5007
873	5008
874	5009
875	5010
876	5011
877	5012
878	5013
879	5014
879	5015
880	5016
881	5017
882	5018
883	5019
884	5020
885	5021
886	5022
887	5023
888	5024
889	5025
890	5026
891	5027
892	5028
893	5029
894	5030
895	5031
896	5032
897	5033
898	5034
899	5035
900	5036
901	5037
902	5038
903	5039
904	5040
905	5041
906	5042
907	5043
908	5044
908	5045
909	5046
909	5047
909	5048
910	5049
911	5048
912	5050
913	5051
914	5052
915	5053
916	5054
917	5055
918	5056
919	5057
920	5058
921	5059
922	5060
923	5061
924	5062
925	5063
925	5064
926	5065
926	5066
927	5067
928	5068
929	5069
929	5070
930	5071
930	5072
931	5073
932	5074
933	5075
934	5076
935	5077
935	5078
936	5079
937	5080
938	5081
939	5082
940	5083
940	5084
941	5085
941	5086
942	5087
943	5088
943	5089
944	5090
944	5091
945	5092
945	5093
946	5094
946	5095
947	5096
947	5097
948	5098
948	5099
949	5100
950	5101
951	5102
951	5103
952	5104
952	5105
953	5106
954	5107
955	5108
956	5109
957	5110
958	5111
959	5112
960	5113
961	5114
961	5115
962	5116
962	5117
963	5118
964	5119
965	5120
966	5121
967	5122
968	5123
969	5124
970	5125
971	5126
972	5127
972	5128
973	5129
974	5130
975	5131
976	5132
977	5133
978	5134
979	5135
980	5136
981	5137
982	5138
983	5139
984	5140
985	5141
986	5142
987	5143
988	5144
989	5145
990	5146
991	5147
992	5148
993	5149
994	5150
995	5151
996	5152
997	5153
998	5154
999	5155
1000	5156
1001	5157
1002	5158
1003	5159
1004	5160
1005	5161
1006	5162
1007	5163
1008	5164
1009	5165
1010	5166
1011	5167
1012	5168
1013	5169
1014	5170
1015	5171
1016	5172
1017	5173
1018	5174
1019	5175
1020	5176
1021	5177
1022	5178
1023	5179
1024	5180
1025	5181
1026	5182
1027	5183
1028	5184
1029	5185
1030	5186
1031	5187
1032	5188
1033	5189
1034	5190
1035	5191
1036	5192
1037	5193
1038	5194
1039	5195
1040	5196
1041	5197
1042	5198
1043	5199
1044	5200
1045	5201
1046	5202
1047	5203
1048	5204
1049	5205
1050	5206
1051	5207
1052	5208
1053	5209
1054	5210
1055	5211
1056	5212
1057	5213
1058	5214
1059	5215
1060	5216
1061	5217
1062	5218
1063	5219
1064	5220
1064	5221
1065	5222
1066	5223
1067	5224
1068	5225
1069	5226
1070	5227
1071	5228
1072	5229
1072	5230
1073	5231
1074	5232
1075	5233
1076	5234
1077	5235
1078	5236
1079	5237
1080	5238
1081	5239
1082	5240
1083	5241
1084	5242
1085	5243
1086	5244
1086	5245
1087	5246
1087	5247
1088	5248
1089	5249
1090	5250
1091	5251
1092	5252
1093	5253
1094	5254
1095	5255
1096	5256
1097	5257
2775	5258
1098	5259
1099	5260
1100	5261
1101	5262
1102	5263
1103	5264
1104	5265
1105	5266
1106	5267
1107	5268
1108	5269
1109	5270
1110	5271
1111	5272
1112	5273
1113	5274
1114	5275
1115	5276
1116	5277
1117	5278
1118	5279
1119	5280
1120	5281
1121	5282
1122	5283
1123	5284
1124	5285
1125	5286
1126	5287
1127	5288
1128	5289
1129	5290
1130	5291
1131	5292
1132	5293
1133	5294
1134	5295
1135	5296
1136	5297
1137	5298
1138	5299
1139	5300
1140	5301
1141	5302
1142	5303
1143	5304
1144	5305
1145	5306
1146	5307
1147	5308
1148	5309
1149	5310
1150	5311
1150	5312
1151	5313
1152	5310
1153	5314
1154	5315
1155	5316
1156	5317
1157	5318
1158	5319
1159	5320
1159	5321
1160	5322
1160	5323
1161	5324
1162	5325
1163	5326
1164	5327
1165	5328
1166	5329
1167	5330
1168	5331
1169	5332
1170	5333
1170	5334
1171	5335
1172	5336
1173	5337
1174	5338
1175	5339
1176	5340
1177	5341
1178	5342
1179	5343
1180	5344
1181	5345
1182	5346
1183	5347
1184	5348
1185	5349
1186	5350
1187	5351
1188	5352
1189	5353
1190	5354
1191	5355
1192	5356
1193	5357
1194	5358
1195	5359
1196	5360
1197	5361
1198	5362
1199	5363
1200	5364
1201	5365
1202	5366
1203	5367
1204	5368
1205	5369
1206	5370
1207	5371
1208	5372
1209	5373
1210	5374
1211	5375
1212	5376
1213	5377
1214	5378
1215	5379
1216	5380
1217	5381
1218	5382
1219	5383
1220	5384
1221	5385
1222	5386
1223	5387
1224	5388
1225	5389
1226	5390
1227	5391
1228	5392
1229	5393
1230	5394
1231	5395
1232	5396
1233	5397
1234	5398
1235	5399
1236	5400
1237	5401
1238	5402
1239	5403
1240	5404
1241	5405
1242	5406
1243	5407
1243	5408
1244	5409
1244	5410
1245	5411
1245	5412
1246	5413
1246	5414
1247	5415
1248	5416
1249	5417
1249	5418
1251	5419
1252	5420
1253	5421
1253	5422
1254	5423
1254	5424
1255	5425
1255	5426
1256	5427
1256	5428
1257	5429
1258	5430
1259	5431
1260	5432
1261	5433
1262	5434
1263	5435
1264	5436
1265	5437
1266	5438
1267	5439
1268	5440
1269	5441
1270	5442
1271	5443
1272	5444
1273	5445
1274	5446
1275	5447
1276	5448
1277	5449
1278	5450
1279	5451
1280	5452
1281	5453
1282	5454
1283	5455
1284	5456
1285	5457
1286	5458
1287	5459
1288	5460
1289	5461
1290	5462
1291	5463
1292	5464
1293	5465
1294	5466
1295	4236
1296	5467
1297	5468
1298	5469
1299	5470
1300	5471
1301	5472
1302	5473
1303	5474
1304	5475
1305	5476
1306	5477
1307	5478
1308	5479
1309	5480
1310	5481
1311	5482
1312	5483
1313	5484
1314	5485
1315	5486
1316	5487
1317	5488
1318	5489
1318	5490
1319	5491
1320	5492
1321	5493
1322	5494
1323	5495
1324	5496
1325	5497
1326	5498
1327	5499
1328	5500
1329	5501
3315	5502
1330	5503
3320	5504
3323	5505
1331	5506
1332	5507
1333	5508
1334	5509
1335	5510
1336	5511
1337	5512
1338	5513
1339	5514
1340	5515
1341	5516
1342	5517
1343	5518
1344	5519
1345	5520
1346	5521
1347	5522
1348	5523
1349	5524
1350	5525
1351	5526
1352	5527
1353	5528
1354	5529
1355	5530
1356	5531
1357	5532
1358	5533
1359	5534
1360	5535
1361	5536
1362	5537
1363	5538
1363	5539
1364	5540
1365	5541
1366	5542
1367	5543
1368	5544
1369	5545
1370	5546
1370	5547
1371	5548
1372	5549
1373	5550
1374	5551
1375	5552
1376	5553
1377	5554
1378	5555
1379	5556
1380	5557
1381	5558
1382	5559
1383	5560
1384	5561
1385	5562
1386	5563
1387	5564
1388	5565
1389	5566
1390	5567
1391	5568
1392	5569
1393	5570
1394	5571
1395	5572
1396	5573
1396	5574
1397	5575
1398	5576
1399	5577
1400	5578
1401	5579
1402	5580
1403	5581
1404	5582
1406	5583
1407	5584
1408	5585
1409	5586
1410	5498
1411	5587
1412	5588
1413	5589
1414	5590
1415	5591
1416	5592
1417	5593
1418	5594
1419	5595
1420	5596
1421	5597
1422	5598
1422	5599
1423	5600
1424	5601
1425	5602
1426	5603
1427	5604
1428	5605
1429	5606
1430	5607
1431	5608
1432	5609
1433	5610
1434	5611
1435	5612
1436	5613
1437	5614
1438	5615
1439	5616
1440	5617
1441	5618
1442	5619
1443	5620
1444	5621
1445	5622
1446	5623
1447	5624
1448	5625
1449	5626
1450	5627
1451	5628
1452	5629
1453	5630
1454	5631
1455	5632
1456	5633
1457	5634
1458	5635
1458	5636
1459	5637
1460	5638
1461	5639
1462	5640
1463	5641
1464	5642
1465	5643
1466	5644
1467	5645
1468	5646
1469	5647
1470	5648
1471	5649
1472	5650
1473	5651
1474	5652
1475	5653
1476	5654
1477	5655
1478	5656
1479	5657
1480	5658
1481	5659
1482	5660
1483	5661
1484	5662
1485	5663
1485	5664
1486	5665
1487	5666
1488	5667
1489	5668
1490	5669
1491	5670
1492	5671
1493	5672
1494	5673
1495	5674
1495	5675
1496	5676
1497	5677
1498	5678
1499	5679
1500	5680
1501	5681
1502	5682
1503	5683
1504	5684
1505	5685
1506	5686
1507	5687
1508	5688
1509	5689
1510	5690
1511	5691
1512	5692
1513	5693
1514	5694
1515	5695
1516	5696
1517	5697
1518	5698
1519	5699
1520	5700
1521	5701
1522	5702
1523	5703
1523	5704
1524	5705
1525	5706
1526	5707
1526	5708
1527	5709
1528	5710
1529	5711
1530	5712
1531	5713
1532	5714
1533	5715
1534	5716
1535	5717
1536	5718
1537	5719
1538	5720
1539	5721
1540	5722
1541	5723
1541	5724
1542	5725
1543	5726
1544	5727
1545	5728
1546	5729
1547	5730
1547	5731
1548	5732
1549	5733
1550	5734
1551	5735
1552	5736
1553	5737
1554	5738
1555	5739
1556	5740
1557	5741
1558	5742
1559	5743
1560	5744
1561	5745
1562	5746
1562	5747
1563	5748
1564	5749
1565	5750
1566	5751
1566	5752
1567	5753
1568	5754
1569	5755
1570	5756
1571	5757
1572	5758
1573	5759
1574	5760
1575	5761
1576	5762
1577	5763
1578	5764
1579	5765
1580	5766
1581	5767
1582	5768
1583	5769
1584	5770
1585	5771
1586	5772
1586	5773
1587	5774
1587	5775
1588	5776
1589	5777
1590	5778
1591	5779
1592	5780
1593	5781
1594	5782
1595	5783
1596	5784
1597	5785
1598	5786
1599	5787
1600	5788
1601	5789
1602	5790
1603	5791
1604	5792
1605	5793
1606	5794
1607	5795
1608	5796
1609	5797
1610	5798
1611	5799
1612	5800
1613	5801
1614	5802
1615	5803
1616	5804
1617	5805
1618	5806
1619	5807
1620	5808
1621	5809
1622	5810
1623	5811
1624	5812
1625	5813
1626	5814
1627	5815
1628	5816
1629	5817
1630	5818
1631	5819
1632	5820
1633	5821
1634	5822
1634	5823
1635	5824
1636	5825
1637	5826
1638	5827
1639	5828
1640	5829
1641	5830
1642	5831
1643	5832
1644	5833
1645	5834
1646	5835
1647	5836
1648	5837
1649	5838
1650	5839
1651	5840
1652	5841
1653	5842
1654	5843
1655	5844
1656	5845
1656	5846
1657	5847
1658	5848
1659	5849
1660	5850
1661	5851
1662	5852
1663	5853
1664	5854
1665	5855
1666	5856
1667	5857
1668	5858
1669	5859
1670	5860
1670	5861
1671	5862
1672	5863
1673	5864
1674	5865
1675	5866
1676	5867
1677	5868
1678	5869
1679	5870
1680	5871
1681	5872
1682	5873
1683	5874
1684	5875
1685	5876
1686	5877
1687	5878
1688	5879
1688	5880
1689	5881
1690	5882
1691	5883
1692	5884
1693	5885
1694	5886
1695	5887
1696	5888
1697	5889
1698	5890
1699	5891
1700	5892
1701	5893
1702	5894
1703	5895
1704	5896
1705	5897
1706	5898
1707	5899
1708	5900
1709	5901
1710	5902
1711	5903
1712	5904
1713	5905
1714	5906
1715	5907
1715	5908
1716	5909
1716	5910
1717	5911
1717	5912
1718	5913
1719	5914
1720	5915
1721	5916
1722	5917
1723	5918
1724	5919
1725	5920
1726	5921
1727	5922
1728	5923
1729	5924
1730	5925
1731	5926
1732	5927
1733	5928
1734	5929
1735	5930
1736	5931
1737	5932
1738	5933
1739	5934
1740	5935
1741	5936
1742	5937
1743	5938
1744	5939
1745	5940
1746	5941
1747	5942
1748	5943
1749	5944
1750	5945
1751	5946
1752	5947
1753	5948
1754	5949
1755	5950
1756	5951
1757	5952
1758	5953
1759	5954
1760	5955
1761	5956
1762	5957
1763	5958
1764	5959
1765	5960
1766	5961
1767	5962
1768	5963
1769	5964
1770	5965
1771	5966
1772	5967
1773	5968
1774	5969
1775	5970
1776	5971
1777	5972
1778	5973
1779	5974
1779	5975
1780	5976
1781	5977
1782	5978
1783	5979
1784	5980
1785	5981
1786	5982
1787	5983
1788	5984
1789	5985
1790	5986
1791	5987
1792	5988
1793	5989
1794	5990
1795	5991
1796	5992
1797	5993
1798	5994
1799	5995
1800	5996
1801	5997
1802	5998
1803	5999
1804	6000
1805	6001
1806	6002
1807	6003
1808	6004
1809	6005
1810	6006
1811	6007
1812	6008
1813	6009
1814	6010
1815	6011
1816	6012
1817	6013
1818	6014
1819	6015
1820	6016
1821	6017
1822	6018
1823	6019
1824	6020
1825	6021
1826	6022
1827	6023
1828	6024
1829	6025
1830	6026
1831	6027
1832	6028
1833	6029
1834	6030
1835	6031
1836	6032
1837	6033
1838	6034
1839	6035
1840	6036
1841	6037
1842	6038
1843	6039
1844	6040
1845	6041
1846	6042
1847	6043
1848	6044
1849	6045
1850	6046
1851	6047
1852	6048
1853	6049
1854	6050
1855	6051
1856	6052
1857	6053
1858	6054
1859	6055
1860	6056
1861	6057
1862	6058
1863	6059
1864	6060
1865	6061
1866	6062
1867	6063
1868	6064
1869	6065
1870	6066
1871	6067
1872	6068
1873	6069
1874	6070
1875	6071
1876	6072
1877	6073
1878	6074
1879	6075
1880	6076
1881	6077
1882	6078
1883	6079
1884	6080
1885	6081
1886	6082
1887	6083
1888	6084
1889	6085
1890	6086
1891	6087
1892	6088
1893	6089
1894	6090
1895	6091
1896	6092
1897	6093
1898	6094
1899	6095
1900	6096
1901	6097
1902	6098
1903	6099
1904	6100
1905	6101
1906	6102
1907	6103
1908	6104
1909	6105
1910	6106
1911	6107
1912	6108
1913	6109
1914	6110
1915	6111
1916	6112
1917	6113
1918	6114
1919	6115
1920	6116
1921	6117
1922	6118
1923	6119
1924	6120
1925	6121
1926	6122
1927	6123
1928	6124
1929	6125
1930	6126
1931	6127
1932	6128
1933	6129
1934	6130
1935	6131
1936	6132
1937	6133
1938	6134
1939	6135
1940	6136
1941	6137
1942	6138
1943	6139
1944	6140
1945	6141
1946	6142
1947	6143
1948	6144
1949	6145
1950	6146
1951	6147
1952	6148
1953	6149
1954	6150
1955	6151
1956	6152
1957	6153
1958	6154
1959	6155
1960	6156
1961	6157
1962	6158
1963	6159
1964	6160
1965	6161
1966	6162
1967	6163
1968	6164
1969	6165
1970	6166
1971	6167
1972	6168
1973	6169
1974	6170
1975	6171
1976	6172
1977	6173
1978	6174
1979	6175
1980	6169
1981	6176
1982	6177
1983	6178
1984	6179
1985	6180
1986	6181
1987	6182
1988	6183
1989	6184
1990	6185
1991	6186
1992	6187
1993	6188
1994	6189
1995	6190
1996	6191
1997	6192
1998	6193
1999	6194
2000	6195
2001	6196
2002	6197
2003	6198
2004	6199
2005	6200
2006	6201
2007	6202
2008	6203
2009	6204
2010	6205
2011	6206
2012	6207
2013	6208
2014	6209
2015	6210
2016	6211
2017	6212
2018	6213
2019	6214
2020	6215
2021	6216
2022	6217
2023	6218
2024	6219
2025	6220
4019	6221
2026	6222
2027	6223
2028	6224
2029	6225
2030	6226
2031	6227
2031	6228
4093	6229
2032	6230
2032	6231
2033	6232
2034	6233
2035	6234
2036	6235
2037	6236
2038	6237
2039	6238
2040	6239
2041	6240
2042	6241
2043	6242
2044	6243
2045	6244
4124	6245
2046	6246
2047	6247
2048	6248
2049	6249
2050	6250
2051	6251
2052	6252
2053	6253
2054	6254
2055	6255
2056	6256
2057	6257
2058	6258
2059	6259
2060	6260
2061	6261
2062	6262
2063	6263
2064	6264
2065	6265
2066	6266
2067	6267
2068	6268
2069	6269
2070	6270
2071	6271
2072	6272
2073	6273
2074	6274
2075	6275
2076	6276
2077	6277
2078	6278
2079	6279
2080	6280
2081	6281
2082	6282
2083	6283
2084	6284
2085	6285
2086	6286
2087	6287
2088	6288
2089	6289
2090	6290
2091	6291
2092	6292
2093	6293
2094	6294
2095	6295
2096	6296
2097	6297
2098	6298
2099	6299
2100	6300
2101	6301
2102	6302
2103	6303
2104	6304
2105	6305
2106	6306
2107	6307
2108	6308
2109	6309
2110	6310
2111	6311
2112	6312
2113	6313
2114	6314
2115	6315
2116	6316
2117	6317
2118	6318
2119	6319
2120	6320
2121	6321
2122	6322
2123	6323
2124	6324
2125	6325
2126	6326
2127	6327
2128	6328
2129	6329
2130	6330
2131	6331
2132	6332
2133	6333
2134	6334
2135	6335
2136	6336
2137	6337
2138	6338
2139	6339
2140	6340
2141	6341
2142	6342
4227	6343
2143	6344
2144	6345
2145	6346
2146	6347
2147	6348
2148	6349
2149	6350
2150	6351
2151	6352
2152	6353
2153	6354
2154	6355
2155	6356
2156	6357
2157	6358
2158	6359
2159	6360
2160	6361
2161	6362
2162	6363
2163	6364
2164	6365
2165	6366
2166	6367
2167	6368
2168	6369
2169	6370
2170	6371
2171	6372
2172	6373
2172	6374
2173	6375
2174	6376
2175	6377
2176	6378
2177	6379
2178	6380
2179	6381
2180	6382
2181	6383
2182	6384
2183	6385
2184	6386
2185	6387
2186	6388
2187	6389
2188	6390
2189	6391
2190	6392
2191	6393
2192	6394
2193	6395
2194	6396
2195	6397
2196	6398
2197	6399
2198	6400
2199	6401
2200	6402
2201	6403
2202	6404
2203	6405
2204	6406
2205	6407
2206	6408
2207	6409
2208	6410
2209	6411
2210	6412
2211	6413
2212	6414
2213	6415
2214	6416
2215	6417
2216	6418
2217	6419
2218	6420
2219	6421
2220	6422
2221	6423
2222	6424
2223	6425
2224	6426
2225	6427
2226	6428
2227	6429
2228	6430
2229	6431
2230	6432
2231	6433
2232	6434
2233	6435
2234	6436
2235	6437
2235	6438
2236	6439
2237	6440
2238	6441
2239	6442
2240	6443
2241	6444
2242	6445
2243	6446
2244	6447
2245	6448
2246	6449
2247	6450
2247	6451
2248	6452
2249	6453
2250	6454
2251	6455
2252	6456
2253	6457
2254	6458
2256	6459
2257	6460
2258	6461
2259	6462
2260	6463
2261	6464
2262	6465
2263	6466
2264	6467
2265	6468
2266	6469
2267	6470
2268	6471
2269	6472
2270	6473
2271	6474
2272	6475
2273	6476
2274	6477
2275	6478
2276	6479
2277	6480
2278	6481
2279	6482
2280	6483
2281	6484
2282	6485
2283	6486
2284	6487
2285	6488
2286	6489
2287	6490
2288	6491
2289	6492
2290	6493
2291	6494
2292	6495
2293	6496
2294	6497
2295	6498
2296	6499
2297	6500
2298	6501
2299	6502
2300	6503
2301	6504
2302	6505
2303	6506
2304	6507
2305	6508
2306	6509
2307	6510
2308	6511
2309	6512
2310	6513
2311	6514
2312	6515
2313	6516
2314	6517
2315	6518
2316	6519
2317	6520
2318	6521
2319	6522
2320	6523
2321	6524
2322	6525
2323	6526
2324	6527
2325	6528
2326	6529
2327	6530
2328	6531
2329	6532
2330	6533
2331	6534
2332	6535
2333	6536
2334	6537
2335	6538
2336	6539
2337	6540
2338	6541
2339	6542
2340	6543
2341	6544
2342	6545
2343	6546
2344	6547
2345	6548
2346	6549
2347	6550
2348	6551
2349	6552
2350	6553
2351	6554
2352	6555
2353	6556
2354	6557
2355	6558
2356	6559
2357	6560
2358	6561
2359	6562
2360	6563
2361	6564
2362	6565
2363	6566
2364	6567
2365	6568
2366	6569
2367	6570
2368	6571
2369	6572
2370	6573
2371	6574
2371	6575
2371	6576
2372	6577
2372	6578
2373	6579
2374	6580
2375	6581
2376	6582
2377	6583
