id	name	widow_heirs	first_name	patronym	prefix	addition	surname	cerl_link
6664	Hendrick Aertssens		Hendrick				Aertssens	
6676	Huybrecht Anthoon Velpius (II)		Huybrecht			(II)	Anthoon Velpius	https://data.cerl.org/thesaurus/cni00035639
6675	Hubertus Antonius Velpius (I)		Hubertus Antonius			(I)	Velpius	https://data.cerl.org/thesaurus/cni00096447
6679	J. de Ayala		J.		de		Ayala	
6598	Antheunes de Backer		Antheunes		de		Backer	
6649	George de Backer		George		de		Backer	
6830	Thomas Basson		Thomas				Basson	
6694	Jacobus Beernaerts		Jacobus				Beernaerts	
6721	Joannes Beernaerts		Joannes				Beernaerts	
6645	François Bellet		François				Bellet	
6703	Jan Bellet		Jan				Bellet	
6724	Joannes Caspar Bencard		Joannes Caspar				Bencard	https://data.cerl.org/thesaurus/cni00074223
6601	Arnoldus Benier		Arnoldus				Benier	
6584	A. Bergagne		A.				Bergagne	
6813	Pieter van den Berge (I)		Pieter		van den	(I)	Berge	
6862	Wed. Zegher van den Berghe	Widow	Zegher		van den		Berghe	
6865	Zegher van den Berghe		Zegher		van den		Berghe	
6684	J. van den Berghen		J.		van den		Berghen	
6863	Willem Jansz Blaeu		Willem	Jansz			Blaeu	
6722	Jan Bogart (I)		Jan			(I)	Bogart	https://data.cerl.org/thesaurus/cni00103446
6723	Jean Bogart (II)		Jean			(II)	Bogart	https://data.cerl.org/thesaurus/cni00103447
6792	Petrus Bogardus		Petrus				Bogardus	
6671	Herman van Borculo (I)		Herman		van	(I)	Borculo	
6611	Jacques Boscardus		Jacques				Boscardus	https://data.cerl.org/thesaurus/cni00008937
6836	Wed. Charles Boscart	Widow	Charles				Boscart	
6614	Charles Boscart		Charles				Boscart	
6815	Pieter Bouvet		Pieter				Bouvet	
6817	Pieter van Braam		Pieter		van		Braam	
6662	Guillielmus le Bret en Fezandat		Guillielmus		le		Bret en Fezandat	
6787	Nicolaus Brylingerus		Nicolaus				Brylingerus	https://data.cerl.org/thesaurus/cni00091960
6786	Nicolaus Breygelius		Nicolaus				Breygelius	https://data.cerl.org/thesaurus/cni00035661
6695	Jacobus Brouwer		Jacobus				Brouwer	
6782	Michiel Bruers		Michiel				Bruers	
6623	Cornelis de Bruyn		Cornelis		de		Bruyn	
6757	Joseph de Busscher		Joseph		de		Busscher	
6853	Wed. Martinus Caesar	Widow	Martinus				Caesar	
6772	Martinus Caesar		Martinus				Caesar	
6793	Petrus Caesar		Petrus				Caesar	
6696	Jacobus J. du Caju		Jacobus J.		du		Caju	
6798	Petrus Iansonius Campensis		Petrus	Iansonius			Campensis	
6818	Pieter vande Cappelle		Pieter		vande		Cappelle	
6687	J.B. Carstiaenssens		J.B.				Carstiaenssens	
6599	Antoine Claudinot		Antoine				Claudinot	
6857	Wed. Peter de Cleyn	Widow	Peter		de		Cleyn	
6788	Peter de Cleyn		Peter		de		Cleyn	
6595	Andreas Cloucquius		Andreas				Cloucquius	
6704	Jan Cnobbaert		Jan				Cnobbaert	
6783	Michiel Cnobbaert		Michiel				Cnobbaert	
6725	Joannes Cnobbarus		Joannes				Cnobbarus	
6850	Wed. Joannes Cnobberus	Widow	Joannes				Cnobberus	
6854	Joannes Coccius		Joannes				Coccius	
6626	Cornelius Coenestenius		Cornelius				Coenestenius	
6630	Cyprianus Coenestenius		Cyprianus				Coenestenius	
6622	Commelin						Commelin	
6585	Aegidius Copenius		Aegidius				Copenius	
6758	Josse Coppens		Josse				Coppens	
6629	Crato						Crato	
6705	Jan Danckaert		Jan				Danckaert	
6791	Petrus Augustinus Denique		Petrus Augustinus				Denique	
6756	Joos Dooms		Joos				Dooms	
6760	Judocus Dooms		Judocus				Dooms	
6810	Philippus Dormalius		Philippus				Dormalius	
6586	Antonius Dumaeus		Antonius				Dumaeus	
6773	Godfridus Dumaeus		Godfridus				Dumaeus	
6656	Gosuinus à Duyn		Gosuinus		à		Duyn	
6771	Ludovicus Elsevier		Ludovicus				Elsevier	
6731	Joannes Franciscus vander Elst		Joannes Franciscus		vander		Elst	
6765	Laurentius vander Elst		Laurentius		vander		Elst	
6636	Elzevier						Elzevier	
6821	G. Emerson		G.				Emerson	
6715	Jean Eton		Jean				Eton	
6592	Alexander Everaerts		Alexander				Everaerts	https://data.cerl.org/thesaurus/cni00019103
6640	Faber						Faber	
6726	Joannes de Fampoux		Joannes		de		Fampoux	
6728	Joannes Federle		Joannes				Federle	
6748	Jobus Franckius		Jobus				Franckius	
6646	Furmann						Furmann	
6979	Hendrik van de Gaete		Hendrik		van de		Gaete	
6590	Alberti Gedelij		Alberti				Gedelij	
6816	Pieter Geubels		Pieter				Geubels	
6847	Wed. Jan van Ghemmert	Widow	Jan		van		Ghemmert	
6709	Jan van Ghemmert		Jan		van		Ghemmert	
6801	Wed. Petrus Franciscus de Goesin (I)	Widow	Petrus Franciscus		de	(I)	Goesin	https://data.cerl.org/thesaurus/cni00086085
6785	Wed. Michiel de Goesin	Widow	Michiel		de		Goesin	
6789	Petrus Franciscus de Goesin (I)		Petrus Franciscus		de	(I)	Goesin	
6790	Petrus Franciscus de Goesin (II)		Petrus Franciscus		de	(II)	Goesin	
6784	Michiel de Goesin		Michiel		de		Goesin	
6600	Antonius Goinus		Antonius				Goinus	
6672	Hieronymus de Gosin		Hieronymus		de		Gosin	
6654	Gilles de Gourmont		Gilles		de		Gourmont	
6639	Erven Maximiliaan Graet	Heirs	Maximiliaan				Graet	
6778	Maximiliaan Graet		Maximiliaan				Graet	
6604	Augustinus Graet		Augustinus				Graet	
6795	Petrus Grangé		Petrus				Grangé	
6733	Joannes Grapheus		Joannes				Grapheus	
6650	Gerardus Grevenbruch		Gerardus				Grevenbruch	
6610	Bernardus Gualterus		Bernardus				Gualterus	
6745	Joannes van Gulpen		Joannes		van		Gulpen	
6691	J.T. van Gulpen		J.T.		van		Gulpen	
6750	Johannes Gymnicus (I)		Johannes			(I)	Gymnicus	https://data.cerl.org/thesaurus/cni00073568
6751	Johannes Gymnicus (III)		Johannes			(III)	Gymnicus	https://data.cerl.org/thesaurus/cni00075109
6774	Martinus Gymnicus		Martinus				Gymnicus	
6841	Wed. Guilliam Hacquebaud	Widow	Guilliam				Hacquebaud	
6660	Guilliam Hacquebaud		Guilliam				Hacquebaud	
6980	Thomas C. Hansard		Thomas C.				Hansard	
6669	Henricus Hastenius		Henricus				Hastenius	
6651	Gerardus Hatardus		Gerardus				Hatardus	
6796	Petrus Hauboldus		Petrus				Hauboldus	
6588	Aelbrecht Hendricksz		Aelbrecht				Hendricksz	
6719	Jean-Baptiste Henry		Jean-Baptiste				Henry	
6735	Joannes Herchovius		Joannes				Herchovius	
6759	Judocus d’ Herdt		Judocus		d’		Herdt	
6680	J. Hervagius		J.				Hervagius	
6767	Leonh. Heuster		Leonh.				Heuster	
6864	Zacharias Heyns		Zacharias				Heyns	https://data.cerl.org/thesaurus/cni00012729
6644	Franciscus-Hieronymus		Franciscus				Hieronymus	
6781	Michael Hillenius Hoochstratanus		Michael				Hillenius Hoochstratanus	https://data.cerl.org/thesaurus/cni00081236
6736	Joannes Hillenius		Joannes				Hillenius	
6820	R. Hodgskinson		R.				Hodgskinson	
6659	Guilielmus vander Hoeve		Guilielmus		vander		Hoeve	
6620	Johannes Hofmannus		Johannes				Hofmannus	
6797	Petrus Horst		Petrus				Horst	
6832	Tymon Houthaeck		Tymon				Houthaeck	
6689	J.M. Hovius		J.M.				Hovius	
6837	Wed. en erven Christoffel Iæghers	Widow and Heirs	Christoffel				Iæghers	
6858	Wed. Petrus Jacobs	Widow	Petrus				Jacobs	
6737	Joannes Jacobs		Joannes				Jacobs	
6799	Petrus Jacobs		Petrus				Jacobs	
6617	Christoffel Jaeghers		Christoffel				Jaeghers	
6752	Johannes Janssonius		Johannes				Janssonius	
6596	Andreas Jaye		Andreas				Jaye	https://data.cerl.org/thesaurus/cni00035874
6665	Hendrick Jaye		Hendrick				Jaye	
6730	Joannes Franciscus Jaye		Joannes Franciscus				Jaye	https://data.cerl.org/thesaurus/cni00085794
6706	Jan Jaye		Jan				Jaye	https://data.cerl.org/thesaurus/cni00035728
6823	Robertus Jaye		Robertus				Jaye	
6697	Jacobus Jucundus		Jacobus				Jucundus	
6761	Jost Kalckhoven		Jost				Kalckhoven	https://data.cerl.org/thesaurus/cni00040889
6762	Kalckhoven						Kalckhoven	
6764	Laurentius Kella		Laurentius				Kella	
6848	Wed. Jan vanden Kerchove	Widow	Jan		vanden		Kerchove	
6712	Jan vanden Kerchove		Jan		vanden		Kerchove	
6769	Lucas Kerckhovius		Lucas				Kerckhovius	
6699	Jacobus vande Kerckove		Jacobus		vande		Kerckove	
6681	J. Ketclaer		J.				Ketclaer	
6779	Meerten de Keyser		Meerten		de		Keyser	
6666	Hendrik Korsten		Hendrik				Korsten	
6763	Laetices						Laetices	
6727	Joannes de Langhe		Joannes		de		Langhe	
6738	Joannes Latius		Joannes				Latius	
6603	Arnoldus Henricus Laurentius		Arnoldus Henricus				Laurentius	
6602	Henricus Laurentius		Henricus				Laurentius	https://data.cerl.org/thesaurus/cni00025584
6716	Jean Octave Laurenz		Jean Octave				Laurenz	
6692	Jacob Lekens		Jacob				Lekens	
6809	Philippe-Joseph Lemmens		Philippe-Joseph				Lemmens	
6753	Erven Johannes Hertsroy	Heirs	Johannes				Hertsroy	https://data.cerl.org/thesaurus/cni00081306
6754	Cornelius Leysserius		Cornelius				Leysserius 	https://data.cerl.org/thesaurus/cni00081427
6655	Gisberti Lintsii		Gisberti				Lintsii	
6768	Philips de Lobel		Philips		de		Lobel	https://data.cerl.org/thesaurus/cni00035743
6619	Christophorus Lochnerus		Christophorus				Lochnerus	
6667	Henr. Loeus		Henr.				Loeus	
6682	J. Loeus		J.				Loeus	
6851	Wed. Johannes Loëus	Widow	Johannes				Loëus	
6825	Samuel Luchtmans		Samuel				Luchtmans	
6826	Joannes Luchtmans		Joannes				Luchtmans	
6609	Bernardijn Maes		Bernardijn				Maes	
6690	J.N. Malisoux		J.N.				Malisoux	
6852	Wed. Baudouin Manilius	Widow	Baudouin				Manilius	https://data.cerl.org/thesaurus/cni00035910
6608	Baudouin Manilius		Baudouin				Manilius	
6648	Gaultier Manilius		Gaultier				Manilius	
6627	Cornelius Manilius		Cornelius				Manilius	
6844	Wed. J. Lambertus Marchant	Widow	J. Lambertus				Marchant	
6615	Charles Martin		Charles				Martin	
6855	Wed. Maur	Widow					Maur	
6770	Lucas Meerbecius		Lucas				Meerbecius	
6625	Cornelis van der Meeren		Cornelis		van der		Meeren	
6693	Jacob Mesens		Jacob				Mesens	
6710	Jan van Meurs		Jan		van		Meurs	
6846	Wed. Jan Meyer	Widow	Jan				Meyer	
6624	Cornelis Meyer		Cornelis				Meyer	
6707	Jan Meyer		Jan				Meyer	
6834	Wed. Alexander Michiels	Widow	Alexander				Michiels	
6593	Alexander Michiels		Alexander				Michiels	
6840	Wed. François Moerman	Widow	François				Moerman	
6713	Jaques François Moerman		Jaques François				Moerman	
6720	Joannes Baptista Moerman		Joannes Baptista				Moerman	
6849	Wed. Jean-Baptiste de Moitemont	Widow	Jean-Baptiste		de		Moitemont	
6714	Jean-Baptiste de Moitemont		Jean-Baptiste		de		Moitemont	
6702	Jan Mommaert (II)		Jan			(II)	Mommaert	
6647	G. Montanus		G.				Montanus	
6597	Andreas Moreel		Andreas				Moreel	
6839	Wed. en erven Moretus	Widow and Heirs					Moretus	
6605	Balthasar Moretus		Balthasar				Moretus	
6739	Joannes Moretus		Joannes				Moretus	
6711	Jan van Mullem		Jan		van		Mullem	
6755	Johannes Naeranus		Johannes				Naeranus	
6807	Hieronymus Nempaeus		Hieronymus				Nempaeus	
6657	Guiliaume de Neve		Guiliaume		de		Neve	
6632	Daniel van Noordthover		Daniel		van		Noordthover	
6637	Erven Martinus Nutius (II)	Heirs	Martinus			(II)	Nutius	https://data.cerl.org/thesaurus/cni00027073
6775	Martinus Nutius (II)		Martinus			(II)	Nutius	https://data.cerl.org/thesaurus/cni00025944
6638	Martinus Nutius (III)		Martinus			(III)	Nutius	https://data.cerl.org/thesaurus/cni00077067
6740	Joannes Oliverius		Joannes				Oliverius	
6766	Leonardus Ophoven		Leonardus				Ophoven	
6641	Franciscus Maximus Ophoven		Franciscus Maximus				Ophoven	
6688	J.G. van Ophoven		J.G.		van		Ophoven	
6741	Joannes Oporinus		Joannes				Oporinus	
6683	J. Orange		J.				Orange	
6811	Pierre van Ouwen		Pierre		van		Ouwen	
6708	Jan Ouwerx		Jan				Ouwerx	
6635	Eduardus Owen		Eduardus				Owen	
6591	Albertus Pafradus		Albertus				Pafradus	
6808	Petrus van Pee		Petrus		van		Pee	
6717	Jean Pepermans		Jean				Pepermans	
6803	Petrus Phalesius		Petrus				Phalesius	
6618	Christoffel Plantijn		Christoffel				Plantijn	
6819	Plantijn						Plantijn	
6833	Vidua Mauricii à Porta	Widow	Mauricii		à		Porta	
6631	D. a Prato		D.		a		Prato	
6613	Caspar du Pree		Caspar		du		Pree	
6686	Wed. Preud’homme	Widow					Preud’homme	
6677	Ignace de Rache		Ignace		de		Rache	
6678	Nicolas de Rache		Nicolas		de		Rache	
6634	Domijn Ramault		Domijn				Ramault	
6845	Wed. Jacobus de Rave	Widow	Jacobus		de		Rave	
6800	Petrus Jacobus de Rave		Petrus Jacobus		de		Rave	
6700	Jacques de Rave		Jacques		de		Rave	
6749	Joh. van Ravesteyn		Joh.		van		Ravesteyn	
6822	Rhodus						Rhodus	
6658	Guilielmus Riverius		Guilielmus				Riverius	
6742	Joannes Paulus Robyns		Joannes Paulus 				Robyns	
6587	Aegidius Romanus		Aegidius				Romanus	
6804	Martinus Rotarius		Martinus				Rotarius	
6729	Joannes Franciscus de Roveroy		Joannes Franciscus		de		Roveroy	
6732	Joannes Godefridus Josephus de Roveroy		Joannes Godefridus Josephus		de		Roveroy	
6698	Jacobus Ruart		Jacobus				Ruart	
6670	Henricus Saetreuver		Henricus				Saetreuver	
6652	Gerardus Salensonius		Gerardus				Salensonius	
6805	Petrus Sanctandraeanus		Petrus				Sanctandraeanus	
6806	Petrus Sassenus		Petrus				Sassenus	
6621	Claudius Schaevaerts		Claudius				Schaevaerts	
6661	Guilliam Scheybels		Guilliam				Scheybels	
6612	Bruyn Harmansz Schinckel		Bruyn	Harmansz			Schinckel	
6633	Ditericus Schnorrius		Ditericus				Schnorrius	
6743	Joannes Schoeffer		Joannes				Schoeffer	
6981	Claudius Schoevaerts		Claudius				Schoevaerts	
6663	Gulielmus Silvius		Gulielmus				Silvius	
6794	Petrus de Sloovere		Petrus		de		Sloovere	
6747	Joannis de Smedt		Joannis		de		Smedt	
6828	Smith						Smith	
6831	Thomas Snodham		Thomas				Snodham	
6827	Servais Somers		Servais				Somers	
6780	Melchior Soter		Melchior				Soter	https://data.cerl.org/thesaurus/cni00031461
6734	Joannes Steelsius		Joannes				Steelsius	
6859	Wed. Pierre Telu	Widow	Pierre				Telu	
6842	Wed. Henri Thieullier	Widow	Henri				Thieullier	
6838	Wed. en erven Henri Thieullier	Widow and Heirs	Henri				Thieullier	
6668	Henri Thieullier		Henri				Thieullier	
6589	Albert Tossanus		Albert				Tossanus	
6744	Joannes Turnhout		Joannes				Turnhout	
6835	Wed. Ant. Franc. van Ursel	Widow	Ant. Franc.		van		Ursel	
6685	J. Varet		J.				Varet	
6856	Wed. Peeter vande Velde	Widow	Peeter		vande		Velde	
6843	Wed. Hubertus Antonius Velpius (I)	Widow	Hubertus Antonius			(I)	Velpius	https://data.cerl.org/thesaurus/cni00035638
6824	Rutgerus Velpius		Rutgerus				Velpius	https://data.cerl.org/thesaurus/cni00010330
6674	Hieronymus Verdussen		Hieronymus				Verdussen	
6776	Martinus Verdussen		Martinus				Verdussen	
6802	Petrus Joannes Vereecken		Petrus Joannes				Vereecken	
6701	Jan Verwithagen (I)		Jan			(I)	Verwithagen	https://data.cerl.org/thesaurus/cni00025569
6673	Hieronymus de Vogel		Hieronymus		de		Vogel	
6606	Bartholomeus Vüsthemer		Bartholomeus				Vüsthemer	
6814	Pieter van Waesberge (I)		Pieter		van	(I)	Waesberge	
6607	Bastiaen Wagens		Bastiaen				Wagens	
6829	Walford						Walford	
6616	Christianus Wechelus		Christianus				Wechelus	
6643	Dominicus van der Ween		Dominicus		van der		Ween	
6642	Franciscus van der Ween		Franciscus		van der		Ween	
6777	Maurice van der Ween		Maurice		van der		Ween	
6860	Wed. Pierre Weins	Widow	Pierre				Weins	
6718	Jean Weins		Jean				Weins	
6812	Pierre Weins		Pierre				Weins	
6594	Alexander Weissenhorn		Alexander				Weissenhorn	
6861	Wed. Willemsens	Widow					Willemsens	
6746	Joannes Wittigavius		Joannes				Wittigavius	
6653	Gerardus Wolschaten		Gerardus				Wolschaten	
6628	Cornelius Woons		Cornelius				Woons	
6866	Petrus Jouret		Petrus				Jouret	https://data.cerl.org/thesaurus/cni00035730
6867	Jacobus Bernardus Jouret		Jacobus Bernardus				Jouret	https://data.cerl.org/thesaurus/cni00086107
6868	Wed. Petrus Grangé	Widow	Petrus				Grangé	https://data.cerl.org/thesaurus/cni00085798
