id	label
6982	W1
6983	W2
6984	W3
6985	W4
6986	W5
6987	W6
6988	W7
6989	W8
6990	W9
6991	W10
6992	W11
6993	W12
6994	W13
6995	W14
6996	W15
6997	W16
6998	W17
6999	W18
7000	W19
7001	W20
7002	W21
7003	W22
7004	W23
7005	W24
7006	W25
7007	W26
7008	W27
7009	W28
7010	W29
7011	W30
7012	W31
7013	W32
7014	W33
7015	W34
7016	W35
7017	W36
7018	W37
7019	W38
7020	W39
7021	W40
7022	W41
7023	W42
7024	W43
7025	W44
7026	W45
7027	W46
7028	W47
7029	W48
7030	W49
7031	W50
7032	W51
7033	W52
7034	W53
7035	W54
7036	W55
7037	W56
7038	W57
7039	W58
7040	W59
7041	W60
7042	W61
7043	W62
7044	W63
7045	W64
7046	W65
7047	W66
7048	W67
7049	W68
7050	W69
7051	W70
7052	W71
7053	W72
7054	W73
7055	W74
7056	W75
7057	W76
7058	W77
7059	W78
7060	W79
7061	W80
7062	W81
7063	W82
7064	W83
7065	W84
7066	W85
7067	W86
7068	W87
7069	W88
7070	W89
7071	W90
7072	W91
7073	W92
7074	W93
7075	W94
7076	W95
7077	W96
7078	W97
7079	W98
7080	W99
7081	W100
7082	W101
7083	W102
7084	W103
7085	W104
7086	W105
7087	W106
7088	W107
7089	W108
7090	W109
7091	W110
7092	W111
7093	W112
7094	W113
7095	W114
7096	W115
7097	W116
7098	W117
7099	W118
7100	W119
7101	W120
7102	W121
7103	W122
7104	W123
7105	W124
7106	W125
7107	W126
7108	W127
7109	W128
7110	W129
7111	W130
7112	W131
7113	W132
7114	W133
7115	W134
7116	W135
7117	W136
7118	W137
7119	W138
7120	W139
7121	W140
7122	W141
7123	W142
7124	W143
7125	W144
7126	W145
7127	W146
7128	W147
7129	W148
7130	W149
7131	W150
7132	W151
7133	W152
7134	W153
7135	W154
7136	W155
7137	W156
7138	W157
7139	W158
7140	W159
7141	W160
7142	W161
7143	W162
7144	W163
7145	W164
7146	W165
7147	W166
7148	W167
7149	W168
7150	W169
7151	W170
7152	W171
7153	W172
7154	W173
7155	W174
7156	W175
7157	W176
7158	W177
7159	W178
7160	W179
7161	W180
7162	W181
7163	W182
7164	W183
7165	W184
7166	W185
7167	W186
7168	W187
7169	W188
7170	W189
7171	W190
7172	W191
7173	W192
7174	W193
7175	W194
7176	W195
7177	W196
7178	W197
7179	W198
7180	W199
7181	W200
7182	W201
7183	W202
7184	W203
7185	W204
7186	W205
7187	W206
7188	W207
7189	W208
7190	W209
7191	W210
7192	W211
7193	W212
7194	W213
7195	W214
7196	W215
7197	W216
7198	W217
7199	W218
7200	W219
7201	W220
7202	W221
7203	W222
7204	W223
7205	W224
7206	W225
7207	W226
7208	W227
7209	W228
7210	W229
7211	W230
7212	W231
7213	W232
7214	W233
7215	W234
7216	W235
7217	W236
7218	W237
7219	W238
7220	W239
7221	W240
7222	W241
7223	W242
7224	W243
7225	W244
7226	W245
7227	W246
7228	W247
7229	W248
7230	W249
7231	W250
7232	W251
7233	W252
7234	W253
7235	W254
7236	W255
7237	W256
7238	W257
7239	W258
7240	W259
7241	W260
7242	W261
7243	W262
7244	W263
7245	W264
7246	W265
7247	W266
7248	W267
7249	W268
7250	W269
7251	W270
7252	W271
7253	W272
7254	W273
7255	W274
7256	W275
7257	W276
7258	W277
7259	W278
7260	W279
7261	W280
7262	W281
7263	W282
7264	W283
7265	W284
7266	W285
7267	W286
7268	W287
7269	W288
7270	W289
7271	W290
7272	W291
7273	W292
7274	W293
7275	W294
7276	W295
7277	W296
7278	W297
7279	W298
7280	W299
7281	W300
7282	W301
7283	W302
7284	W303
7285	W304
7286	W305
7287	W306
7288	W307
7289	W308
7290	W309
7291	W310
7292	W311
7293	W312
7294	W313
7295	W314
7296	W315
7297	W316
7298	W317
7299	W318
7300	W319
7301	W320
7302	W321
7303	W322
7304	W323
7305	W324
7306	W325
7307	W326
7308	W327
7309	W328
7310	W329
7311	W330
7312	W331
7313	W332
7314	W333
7315	W334
7316	W335
7317	W336
7318	W337
7319	W338
7320	W339
7321	W340
7322	W341
7323	W342
7324	W343
7325	W344
7326	W345
7327	W346
7328	W347
7329	W348
7330	W349
7331	W350
7332	W351
7333	W352
7334	W353
7335	W354
7336	W355
7337	W356
7338	W357
7339	W358
7340	W359
7341	W360
7342	W361
7343	W362
7344	W363
7345	W364
7346	W365
7347	W366
7348	W367
7349	W368
7350	W369
7351	W370
7352	W371
7353	W372
7354	W373
7355	W374
7356	W375
7357	W376
7358	W377
7359	W378
7360	W379
7361	W380
7362	W381
7363	W382
7364	W383
7365	W384
7366	W385
7367	W386
7368	W387
7369	W388
7370	W389
7371	W390
7372	W391
7373	W392
7374	W393
7375	W394
7376	W395
7377	W396
7378	W397
7379	W398
7380	W399
7381	W400
7382	W401
7383	W402
7384	W403
7385	W404
7386	W405
7387	W406
7388	W407
7389	W408
7390	W409
7391	W410
7392	W411
7393	W412
7394	W413
7395	W414
7396	W415
7397	W416
7398	W417
7399	W418
7400	W419
7401	W420
7402	W421
7403	W422
7404	W423
7405	W424
7406	W425
7407	W426
7408	W427
7409	W428
7410	W429
7411	W430
7412	W431
7413	W432
7414	W433
7415	W434
7416	W435
7417	W436
7418	W437
7419	W438
7420	W439
7421	W440
7422	W441
7423	W442
7424	W443
7425	W444
7426	W445
7427	W446
7428	W447
7429	W448
7430	W449
7431	W450
7432	W451
7433	W452
7434	W453
7435	W454
7436	W455
7437	W456
7438	W457
7439	W458
7440	W459
7441	W460
7442	W461
7443	W462
7444	W463
7445	W464
7446	W465
7447	W466
7448	W467
7449	W468
7450	W469
7451	W470
7452	W471
7453	W472
7454	W473
7455	W474
7456	W475
7457	W476
7458	W477
7459	W478
7460	W479
7461	W480
7462	W481
7463	W482
7464	W483
7465	W484
7466	W485
7467	W486
7468	W487
7469	W488
7470	W489
7471	W490
7472	W491
7473	W492
7474	W493
7475	W494
7476	W495
7477	W496
7478	W497
7479	W498
7480	W499
7481	W500
7482	W501
7483	W502
7484	W503
7485	W504
7486	W505
7487	W506
7488	W507
7489	W508
7490	W509
7491	W510
7492	W511
7493	W512
7494	W513
7495	W514
7496	W515
7497	W516
7498	W517
7499	W518
7500	W519
7501	W520
7502	W521
7503	W522
7504	W523
7505	W524
7506	W525
7507	W526
7508	W527
7509	W528
7510	W529
7511	W530
7512	W531
7513	W532
7514	W533
7515	W534
7516	W535
7517	W536
7518	W537
7519	W538
7520	W539
7521	W540
7522	W541
7523	W542
7524	W543
7525	W544
7526	W545
7527	W546
7528	W547
7529	W548
7530	W549
7531	W550
7532	W551
7533	W552
7534	W553
7535	W554
7536	W555
7537	W556
7538	W557
7539	W558
7540	W559
7541	W560
7542	W561
7543	W562
7544	W563
7545	W564
7546	W565
7547	W566
7548	W567
7549	W568
7550	W569
7551	W570
7552	W571
7553	W572
7554	W573
7555	W574
7556	W575
7557	W576
7558	W577
7559	W578
7560	W579
7561	W580
7562	W581
7563	W582
7564	W583
7565	W584
7566	W585
7567	W586
7568	W587
7569	W588
7570	W589
7571	W590
7572	W591
7573	W592
7574	W593
7575	W594
7576	W595
7577	W596
7578	W597
7579	W598
7580	W599
7581	W600
7582	W601
7583	W602
7584	W603
7585	W604
7586	W605
7587	W606
7588	W607
7589	W608
7590	W609
7591	W610
7592	W611
7593	W612
7594	W613
7595	W614
7596	W615
7597	W616
7598	W617
7599	W618
7600	W619
7601	W620
7602	W621
7603	W622
7604	W623
7605	W624
7606	W625
7607	W626
7608	W627
7609	W628
7610	W629
7611	W630
7612	W631
7613	W632
7614	W633
7615	W634
7616	W635
7617	W636
7618	W637
7619	W638
7620	W639
7621	W640
7622	W641
7623	W642
7624	W643
7625	W644
7626	W645
7627	W646
7628	W647
7629	W648
7630	W649
7631	W650
7632	W651
7633	W652
7634	W653
7635	W654
7636	W655
7637	W656
7638	W657
7639	W658
7640	W659
7641	W660
7642	W661
7643	W662
7644	W663
7645	W664
7646	W665
7647	W666
7648	W667
7649	W668
7650	W669
7651	W670
7652	W671
7653	W672
7654	W673
7655	W674
7656	W675
7657	W676
7658	W677
7659	W678
7660	W679
7661	W680
7662	W681
7663	W682
7664	W683
7665	W684
7666	W685
7667	W686
7668	W687
7669	W688
7670	W689
7671	W690
7672	W691
7673	W692
7674	W693
7675	W694
7676	W695
7677	W696
7678	W697
7679	W698
7680	W699
7681	W700
7682	W701
7683	W702
7684	W703
7685	W704
7686	W705
7687	W706
7688	W707
7689	W708
7690	W709
7691	W710
7692	W711
7693	W712
7694	W713
7695	W714
7696	W715
7697	W716
7698	W717
7699	W718
7700	W719
7701	W720
7702	W721
7703	W722
7704	W723
7705	W724
7706	W725
7707	W726
7708	W727
7709	W728
7710	W729
7711	W730
7712	W731
7713	W732
7714	W733
7715	W734
7716	W735
7717	W736
7718	W737
7719	W738
7720	W739
7721	W740
7722	W741
7723	W742
7724	W743
7725	W744
7726	W745
7727	W746
7728	W747
7729	W748
7730	W749
7731	W750
7732	W751
7733	W752
7734	W753
7735	W754
7736	W755
7737	W756
7738	W757
7739	W758
7740	W759
7741	W760
7742	W761
7743	W762
7744	W763
7745	W764
7746	W765
7747	W766
7748	W767
7749	W768
7750	W769
7751	W770
7752	W771
7753	W772
7754	W773
7755	W774
7756	W775
7757	W776
7758	W777
7759	W778
7760	W779
7761	W780
7762	W781
7763	W782
7764	W783
7765	W784
7766	W785
7767	W786
7768	W787
7769	W788
7770	W789
7771	W790
7772	W791
7773	W792
7774	W793
7775	W794
7776	W795
7777	W796
7778	W797
7779	W798
7780	W799
7781	W800
7782	W801
7783	W802
7784	W803
7785	W804
7786	W805
7787	W806
7788	W807
7789	W808
7790	W809
7791	W810
7792	W811
7793	W812
7794	W813
7795	W814
7796	W815
7797	W816
7798	W817
7799	W818
7800	W819
7801	W820
7802	W821
7803	W822
7804	W823
7805	W824
7806	W825
7807	W826
7808	W827
7809	W828
7810	W829
7811	W830
7812	W831
7813	W832
7814	W833
7815	W834
7816	W835
7817	W836
7818	W837
7819	W838
7820	W839
7821	W840
7822	W841
7823	W842
7824	W843
7825	W844
7826	W845
7827	W846
7828	W847
7829	W848
7830	W849
7831	W850
7832	W851
7833	W852
7834	W853
7835	W854
7836	W855
7837	W856
7838	W857
7839	W858
7840	W859
7841	W860
7842	W861
7843	W862
7844	W863
7845	W864
7846	W865
7847	W866
7848	W867
7849	W868
7850	W869
7851	W870
7852	W871
7853	W872
7854	W873
7855	W874
7856	W875
7857	W876
7858	W877
7859	W878
7860	W879
7861	W880
7862	W881
7863	W882
7864	W883
7865	W884
7866	W885
7867	W886
7868	W887
7869	W888
7870	W889
7871	W890
7872	W891
7873	W892
7874	W893
7875	W894
7876	W895
7877	W896
7878	W897
7879	W898
7880	W899
7881	W900
7882	W901
7883	W902
7884	W903
7885	W904
7886	W905
7887	W906
7888	W907
7889	W908
7890	W909
7891	W910
7892	W911
7893	W912
7894	W913
7895	W914
7896	W915
7897	W916
7898	W917
7899	W918
7900	W919
7901	W920
7902	W921
7903	W922
7904	W923
7905	W924
7906	W925
7907	W926
7908	W927
7909	W928
7910	W929
7911	W930
7912	W931
7913	W932
7914	W933
7915	W934
7916	W935
7917	W936
7918	W937
7919	W938
7920	W939
7921	W940
7922	W941
7923	W942
7924	W943
7925	W944
7926	W945
7927	W946
7928	W947
7929	W948
7930	W949
7931	W950
7932	W951
7933	W952
7934	W953
7935	W954
7936	W955
7937	W956
7938	W957
7939	W958
7940	W959
7941	W960
7942	W961
7943	W962
7944	W963
7945	W964
7946	W965
7947	W966
7948	W967
7949	W968
7950	W969
7951	W970
7952	W971
7953	W972
7954	W973
7955	W974
7956	W975
7957	W976
7958	W977
7959	W978
7960	W979
7961	W980
7962	W981
7963	W982
7964	W983
7965	W984
7966	W985
7967	W986
7968	W987
7969	W988
7970	W989
7971	W990
7972	W991
7973	W992
7974	W993
7975	W994
7976	W995
7977	W996
7978	W997
7979	W998
7980	W999
7981	W1000
7982	W1001
7983	W1002
7984	W1003
7985	W1004
7986	W1005
7987	W1006
7988	W1007
7989	W1008
7990	W1009
7991	W1010
7992	W1011
7993	W1012
7994	W1013
7995	W1014
7996	W1015
7997	W1016
7998	W1017
7999	W1018
8000	W1019
8001	W1020
8002	W1021
8003	W1022
8004	W1023
8005	W1024
8006	W1025
8007	W1026
8008	W1027
8009	W1028
8010	W1029
8011	W1030
8012	W1031
8013	W1032
8014	W1033
8015	W1034
8016	W1035
8017	W1036
8018	W1037
8019	W1038
8020	W1039
8021	W1040
8022	W1041
8023	W1042
8024	W1043
8025	W1044
8026	W1045
8027	W1046
8028	W1047
8029	W1048
8030	W1049
8031	W1050
8032	W1051
8033	W1052
8034	W1053
8035	W1054
8036	W1055
8037	W1056
8038	W1057
8039	W1058
8040	W1059
8041	W1060
8042	W1061
8043	W1062
8044	W1063
8045	W1064
8046	W1065
8047	W1066
8048	W1067
8049	W1068
8050	W1069
8051	W1070
8052	W1071
8053	W1072
8054	W1073
8055	W1074
8056	W1075
8057	W1076
8058	W1077
8059	W1078
8060	W1079
8061	W1080
8062	W1081
8063	W1082
8064	W1083
8065	W1084
8066	W1085
8067	W1086
8068	W1087
8069	W1088
8070	W1089
8071	W1090
8072	W1091
8073	W1092
8074	W1093
8075	W1094
8076	W1095
8077	W1096
8078	W1097
8079	W1098
8080	W1099
8081	W1100
8082	W1101
8083	W1102
8084	W1103
8085	W1104
8086	W1105
8087	W1106
8088	W1107
8089	W1108
8090	W1109
8091	W1110
8092	W1111
8093	W1112
8094	W1113
8095	W1114
8096	W1115
8097	W1116
8098	W1117
8099	W1118
8100	W1119
8101	W1120
8102	W1121
8103	W1122
8104	W1123
8105	W1124
8106	W1125
8107	W1126
8108	W1127
8109	W1128
8110	W1129
8111	W1130
8112	W1131
8113	W1132
8114	W1133
8115	W1134
8116	W1135
8117	W1136
8118	W1137
8119	W1138
8120	W1139
8121	W1140
8122	W1141
8123	W1142
8124	W1143
8125	W1144
8126	W1145
8127	W1146
8128	W1147
8129	W1148
8130	W1149
8131	W1150
8132	W1151
8133	W1152
8134	W1153
8135	W1154
8136	W1155
8137	W1156
8138	W1157
8139	W1158
8140	W1159
8141	W1160
8142	W1161
8143	W1162
8144	W1163
8145	W1164
8146	W1165
8147	W1166
8148	W1167
8149	W1168
8150	W1169
8151	W1170
8152	W1171
8153	W1172
8154	W1173
8155	W1174
8156	W1175
8157	W1176
8158	W1177
8159	W1178
8160	W1179
8161	W1180
8162	W1181
8163	W1182
8164	W1183
8165	W1184
8166	W1185
8167	W1186
8168	W1187
8169	W1188
8170	W1189
8171	W1190
8172	W1191
8173	W1192
8174	W1193
8175	W1194
8176	W1195
8177	W1196
8178	W1197
8179	W1198
8180	W1199
8181	W1200
8182	W1201
8183	W1202
8184	W1203
8185	W1204
8186	W1205
8187	W1206
8188	W1207
8189	W1208
8190	W1209
8191	W1210
8192	W1211
8193	W1212
8194	W1213
8195	W1214
8196	W1215
8197	W1216
8198	W1217
8199	W1218
8200	W1219
8201	W1220
8202	W1221
8203	W1222
8204	W1223
8205	W1224
8206	W1225
8207	W1226
8208	W1227
8209	W1228
8210	W1229
8211	W1230
8212	W1231
8213	W1232
8214	W1233
8215	W1234
8216	W1235
8217	W1236
8218	W1237
8219	W1238
8220	W1239
8221	W1240
8222	W1241
8223	W1242
8224	W1243
8225	W1244
8226	W1245
8227	W1246
8228	W1247
8229	W1248
8230	W1249
8231	W1250
8232	W1251
8233	W1252
8234	W1253
8235	W1254
8236	W1255
8237	W1256
8238	W1257
8239	W1258
8240	W1259
8241	W1260
8242	W1261
8243	W1262
8244	W1263
8245	W1264
8246	W1265
8247	W1266
8248	W1267
8249	W1268
8250	W1269
8251	W1270
8252	W1271
8253	W1272
8254	W1273
8255	W1274
8256	W1275
8257	W1276
8258	W1277
8259	W1278
8260	W1279
8261	W1280
8262	W1281
8263	W1282
8264	W1283
8265	W1284
8266	W1285
8267	W1286
8268	W1287
8269	W1288
8270	W1289
8271	W1290
8272	W1291
8273	W1292
8274	W1293
8275	W1294
8276	W1295
8277	W1296
8278	W1297
8279	W1298
8280	W1299
8281	W1300
8282	W1301
8283	W1302
8284	W1303
8285	W1304
8286	W1305
8287	W1306
8288	W1307
8289	W1308
8290	W1309
8291	W1310
8292	W1311
8293	W1312
8294	W1313
8295	W1314
8296	W1315
8297	W1316
8298	W1317
8299	W1318
8300	W1319
8301	W1320
8302	W1321
8303	W1322
8304	W1323
8305	W1324
8306	W1325
8307	W1326
8308	W1327
8309	W1328
8310	W1329
8311	W1330
8312	W1331
8313	W1332
8314	W1333
8315	W1334
8316	W1335
8317	W1336
8318	W1337
8319	W1338
8320	W1339
8321	W1340
8322	W1341
8323	W1342
8324	W1343
8325	W1344
8326	W1345
8327	W1346
8328	W1347
8329	W1348
8330	W1349
8331	W1350
8332	W1351
8333	W1352
8334	W1353
8335	W1354
8336	W1355
8337	W1356
8338	W1357
8339	W1358
8340	W1359
8341	W1360
8342	W1361
8343	W1362
8344	W1363
8345	W1364
8346	W1365
8347	W1366
8348	W1367
8349	W1368
8350	W1369
8351	W1370
8352	W1371
8353	W1372
8354	W1373
8355	W1374
8356	W1375
8357	W1376
8358	W1377
8359	W1378
8360	W1379
8361	W1380
8362	W1381
8363	W1382
8364	W1383
8365	W1384
8366	W1385
8367	W1386
8368	W1387
8369	W1388
8370	W1389
8371	W1390
8372	W1391
8373	W1392
8374	W1393
8375	W1394
8376	W1395
8377	W1396
8378	W1397
8379	W1398
8380	W1399
8381	W1400
8382	W1401
8383	W1402
8384	W1403
8385	W1404
8386	W1405
8387	W1406
8388	W1407
8389	W1408
8390	W1409
8391	W1410
8392	W1411
8393	W1412
8394	W1413
8395	W1414
8396	W1415
8397	W1416
8398	W1417
8399	W1418
8400	W1419
8401	W1420
8402	W1421
8403	W1422
8404	W1423
8405	W1424
8406	W1425
8407	W1426
8408	W1427
8409	W1428
8410	W1429
8411	W1430
8412	W1431
8413	W1432
8414	W1433
8415	W1434
8416	W1435
8417	W1436
8418	W1437
8419	W1438
8420	W1439
8421	W1440
8422	W1441
8423	W1442
8424	W1443
8425	W1444
8426	W1445
8427	W1446
8428	W1447
8429	W1448
8430	W1449
8431	W1450
8432	W1451
8433	W1452
8434	W1453
8435	W1454
8436	W1455
8437	W1456
8438	W1457
8439	W1458
8440	W1459
8441	W1460
8442	W1461
8443	W1462
8444	W1463
8445	W1464
8446	W1465
8447	W1466
8448	W1467
8449	W1468
8450	W1469
8451	W1470
8452	W1471
8453	W1472
8454	W1473
8455	W1474
8456	W1475
8457	W1476
8458	W1477
8459	W1478
8460	W1479
8461	W1480
8462	W1481
8463	W1482
8464	W1483
8465	W1484
8466	W1485
8467	W1486
8468	W1487
8469	W1488
8470	W1489
8471	W1490
8472	W1491
8473	W1492
8474	W1493
8475	W1494
8476	W1495
8477	W1496
8478	W1497
8479	W1498
8480	W1499
8481	W1500
8482	W1501
8483	W1502
8484	W1503
8485	W1504
8486	W1505
8487	W1506
8488	W1507
8489	W1508
8490	W1509
8491	W1510
8492	W1511
8493	W1512
8494	W1513
8495	W1514
8496	W1515
8497	W1516
8498	W1517
8499	W1518
8500	W1519
8501	W1520
8502	W1521
8503	W1522
8504	W1523
8505	W1524
8506	W1525
8507	W1526
8508	W1527
8509	W1528
8510	W1529
8511	W1530
8512	W1531
8513	W1532
8514	W1533
8515	W1534
8516	W1535
8517	W1536
8518	W1537
8519	W1538
8520	W1539
8521	W1540
8522	W1541
8523	W1542
8524	W1543
8525	W1544
8526	W1545
8527	W1546
8528	W1547
8529	W1548
8530	W1549
8531	W1550
8532	W1551
8533	W1552
8534	W1553
8535	W1554
8536	W1555
8537	W1556
8538	W1557
8539	W1558
8540	W1559
8541	W1560
8542	W1561
8543	W1562
8544	W1563
8545	W1564
8546	W1565
8547	W1566
8548	W1567
8549	W1568
8550	W1569
8551	W1570
8552	W1571
8553	W1572
8554	W1573
8555	W1574
8556	W1575
8557	W1576
8558	W1577
8559	W1578
8560	W1579
8561	W1580
8562	W1581
8563	W1582
8564	W1583
8565	W1584
8566	W1585
8567	W1586
8568	W1587
8569	W1588
8570	W1589
8571	W1590
8572	W1591
8573	W1592
8574	W1593
8575	W1594
8576	W1595
8577	W1596
8578	W1597
8579	W1598
8580	W1599
8581	W1600
8582	W1601
8583	W1602
8584	W1603
8585	W1604
8586	W1605
8587	W1606
8588	W1607
8589	W1608
8590	W1609
8591	W1610
8592	W1611
8593	W1612
8594	W1613
8595	W1614
8596	W1615
8597	W1616
8598	W1617
8599	W1618
8600	W1619
8601	W1620
8602	W1621
8603	W1622
8604	W1623
8605	W1624
8606	W1625
8607	W1626
8608	W1627
8609	W1628
8610	W1629
8611	W1630
8612	W1631
8613	W1632
8614	W1633
8615	W1634
8616	W1635
8617	W1636
8618	W1637
8619	W1638
8620	W1639
8621	W1640
8622	W1641
8623	W1642
8624	W1643
8625	W1644
8626	W1645
8627	W1646
8628	W1647
8629	W1648
8630	W1649
8631	W1650
8632	W1651
8633	W1652
8634	W1653
8635	W1654
8636	W1655
8637	W1656
8638	W1657
8639	W1658
8640	W1659
8641	W1660
8642	W1661
8643	W1662
8644	W1663
8645	W1664
8646	W1665
8647	W1666
8648	W1667
8649	W1668
8650	W1669
8651	W1670
8652	W1671
8653	W1672
8654	W1673
8655	W1674
8656	W1675
8657	W1676
8658	W1677
8659	W1678
8660	W1679
8661	W1680
8662	W1681
8663	W1682
8664	W1683
8665	W1684
8666	W1685
8667	W1686
8668	W1687
8669	W1688
8670	W1689
8671	W1690
8672	W1691
8673	W1692
8674	W1693
8675	W1694
8676	W1695
8677	W1696
8678	W1697
8679	W1698
8680	W1699
8681	W1700
8682	W1701
8683	W1702
8684	W1703
8685	W1704
8686	W1705
8687	W1706
8688	W1707
8689	W1708
8690	W1709
8691	W1710
8692	W1711
8693	W1712
8694	W1713
8695	W1714
8696	W1715
8697	W1716
8698	W1717
8699	W1718
8700	W1719
8701	W1720
8702	W1721
8703	W1722
8704	W1723
8705	W1724
8706	W1725
8707	W1726
8708	W1727
8709	W1728
8710	W1729
8711	W1730
8712	W1731
8713	W1732
8714	W1733
8715	W1734
8716	W1735
8717	W1736
8718	W1737
8719	W1738
8720	W1739
8721	W1740
8722	W1741
8723	W1742
8724	W1743
8725	W1744
8726	W1745
8727	W1746
8728	W1747
8729	W1748
8730	W1749
8731	W1750
8732	W1751
8733	W1752
8734	W1753
8735	W1754
8736	W1755
8737	W1756
8738	W1757
8739	W1758
8740	W1759
8741	W1760
8742	W1761
8743	W1762
8744	W1763
8745	W1764
8746	W1765
8747	W1766
8748	W1767
8749	W1768
8750	W1769
8751	W1770
8752	W1771
8753	W1772
8754	W1773
8755	W1774
8756	W1775
8757	W1776
8758	W1777
8759	W1778
8760	W1779
8761	W1780
8762	W1781
8763	W1782
8764	W1783
8765	W1784
8766	W1785
8767	W1786
8768	W1787
8769	W1788
8770	W1789
8771	W1790
8772	W1791
8773	W1792
8774	W1793
8775	W1794
8776	W1795
8777	W1796
8778	W1797
8779	W1798
8780	W1799
8781	W1800
8782	W1801
8783	W1802
8784	W1803
8785	W1804
8786	W1805
